record_id,query_id,query_text,query_type,physical_target_text,affective_target_text,display_order,pano_id,best_yaw,image_path,image_file_name,web_path,copy_status,review_id,mode,term,dedupe_key,yaw,lng,lat,copied_image_path,methods_present,num_methods_present,m1_clip_rank,m1_clip_score,m1_clip_source_csv,m2_finetuned_clip_rank,m2_finetuned_clip_score,m2_finetuned_clip_source_csv,m3_qwen_rerank_rank,m3_qwen_rerank_score,m3_qwen_rerank_source_csv,placeseek_semantic_m5_rank,placeseek_semantic_m5_score,placeseek_semantic_m5_source_csv,placeseek_affective_m5_rank,placeseek_affective_m5_score,placeseek_affective_m5_source_csv,placeseek_semantic_m4_rank,placeseek_semantic_m4_score,placeseek_semantic_m4_source_csv,placeseek_affective_m4_rank,placeseek_affective_m4_score,placeseek_affective_m4_source_csv,human_physical_label,human_affective_label,human_overall_label,notes,best_view_path
M2_0001,M2,I want to find a modern urban place with visible skyscrapers around me.,mixed_tension_aware,visible skyscrapers or high-rise urban buildings,modern or contemporary urban appearance,66,_691kvs4uswSb031fm-ykA,180,D:\AAG\Milano_SVI\lang2img\0_Dataprocessing\views_4\_691kvs4uswSb031fm-ykA_180.jpg,M2_0001.jpg,images/M2_0001.jpg,copied,M2_0001,m5,skyscraper,_691kvs4uswsb031fm-yka::180,180,9.09990568,45.50909765,D:\AAG\Milano_SVI\lang2img\4_FindTop20\outputs\M2_m5_skyscraper\images\M2_0001.jpg,m1_clip,1,1,0.22607422,D:\AAG\Milano_SVI\lang2img\0_M1_CLIP\M1_Results\M2\m2_candidates_baseline_q99_top2mean.csv,,,,,,,,,,,,,,,,,,,,,,,D:\AAG\Milano_SVI\lang2img\0_Dataprocessing\views_4\_691kvs4uswSb031fm-ykA_180.jpg
M2_0002,M2,I want to find a modern urban place with visible skyscrapers around me.,mixed_tension_aware,visible skyscrapers or high-rise urban buildings,modern or contemporary urban appearance,43,0fcbu2q6vQDMCBcuY1l9JQ,180,D:\AAG\Milano_SVI\lang2img\0_Dataprocessing\views_4\0fcbu2q6vQDMCBcuY1l9JQ_180.jpg,M2_0002.jpg,images/M2_0002.jpg,copied,M2_0002,m5,skyscraper,0fcbu2q6vqdmcbcuy1l9jq::180,180,9.1894552,45.4824022,D:\AAG\Milano_SVI\lang2img\4_FindTop20\outputs\M2_m5_skyscraper\images\M2_0002.jpg,m1_clip | m2_finetuned_clip | placeseek_affective_m5 | placeseek_affective_m4,4,2,0.22521973,D:\AAG\Milano_SVI\lang2img\0_M1_CLIP\M1_Results\M2\m2_candidates_baseline_q99_top2mean.csv,1,0.20019531,D:\AAG\Milano_SVI\lang2img\0_M2_fineturned_Clip\M2_Results\M2\m2_candidates_baseline_q99_top2mean.csv,,,,,,,1,0.22521973,D:\AAG\Milano_SVI\lang2img\3_Rerank\Rerank_Affective\M2_m5_skyscraper\m2_m5_skyscraper_affective_reranked.csv,,,,1,0.20007324,D:\AAG\Milano_SVI\lang2img\3_Rerank\Rerank_Affective\M2_m4_skyscraper\m2_m4_skyscraper_affective_reranked.csv,,,,,D:\AAG\Milano_SVI\lang2img\0_Dataprocessing\views_4\0fcbu2q6vQDMCBcuY1l9JQ_180.jpg
M2_0003,M2,I want to find a modern urban place with visible skyscrapers around me.,mixed_tension_aware,visible skyscrapers or high-rise urban buildings,modern or contemporary urban appearance,16,UEu1de0GJyLM1NIrocmtOg,180,D:\AAG\Milano_SVI\lang2img\0_Dataprocessing\views_4\UEu1de0GJyLM1NIrocmtOg_180.jpg,M2_0003.jpg,images/M2_0003.jpg,copied,M2_0003,m5,skyscraper,ueu1de0gjylm1nirocmtog::180,180,9.199578556,45.48621482,D:\AAG\Milano_SVI\lang2img\4_FindTop20\outputs\M2_m5_skyscraper\images\M2_0003.jpg,m1_clip | m3_qwen_rerank,2,3,0.22363281,D:\AAG\Milano_SVI\lang2img\0_M1_CLIP\M1_Results\M2\m2_candidates_baseline_q99_top2mean.csv,,,,4,0.22363281,D:\AAG\Milano_SVI\lang2img\3_Rerank\Rerank_M3\M3_Results\M2\m2_m3_qwen_reranked.csv,,,,,,,,,,,,,,,,,D:\AAG\Milano_SVI\lang2img\0_Dataprocessing\views_4\UEu1de0GJyLM1NIrocmtOg_180.jpg
M2_0004,M2,I want to find a modern urban place with visible skyscrapers around me.,mixed_tension_aware,visible skyscrapers or high-rise urban buildings,modern or contemporary urban appearance,10,5q6R_VSw_o1LW99wdHsgiA,180,D:\AAG\Milano_SVI\lang2img\0_Dataprocessing\views_4\5q6R_VSw_o1LW99wdHsgiA_180.jpg,M2_0004.jpg,images/M2_0004.jpg,copied,M2_0004,m5,skyscraper,5q6r_vsw_o1lw99wdhsgia::180,180,9.100820788,45.51173255,D:\AAG\Milano_SVI\lang2img\4_FindTop20\outputs\M2_m5_skyscraper\images\M2_0004.jpg,m1_clip,1,4,0.22180176,D:\AAG\Milano_SVI\lang2img\0_M1_CLIP\M1_Results\M2\m2_candidates_baseline_q99_top2mean.csv,,,,,,,,,,,,,,,,,,,,,,,D:\AAG\Milano_SVI\lang2img\0_Dataprocessing\views_4\5q6R_VSw_o1LW99wdHsgiA_180.jpg
M2_0005,M2,I want to find a modern urban place with visible skyscrapers around me.,mixed_tension_aware,visible skyscrapers or high-rise urban buildings,modern or contemporary urban appearance,99,o2C-0AHQ2MSy1K9PrpHnLQ,180,D:\AAG\Milano_SVI\lang2img\0_Dataprocessing\views_4\o2C-0AHQ2MSy1K9PrpHnLQ_180.jpg,M2_0005.jpg,images/M2_0005.jpg,copied,M2_0005,m5,skyscraper,o2c-0ahq2msy1k9prphnlq::180,180,9.2015668,45.4520914,D:\AAG\Milano_SVI\lang2img\4_FindTop20\outputs\M2_m5_skyscraper\images\M2_0005.jpg,m1_clip | placeseek_semantic_m5 | placeseek_affective_m4,3,5,0.22131348,D:\AAG\Milano_SVI\lang2img\0_M1_CLIP\M1_Results\M2\m2_candidates_baseline_q99_top2mean.csv,,,,,,,11,0.22131348,D:\AAG\Milano_SVI\lang2img\3_Rerank\Rerank_Semantic\M2_m5_skyscraper\m2_m5_skyscraper_semantic_reranked.csv,,,,,,,20,0.22338867,D:\AAG\Milano_SVI\lang2img\3_Rerank\Rerank_Affective\M2_m4_skyscraper\m2_m4_skyscraper_affective_reranked.csv,,,,,D:\AAG\Milano_SVI\lang2img\0_Dataprocessing\views_4\o2C-0AHQ2MSy1K9PrpHnLQ_180.jpg
M2_0006,M2,I want to find a modern urban place with visible skyscrapers around me.,mixed_tension_aware,visible skyscrapers or high-rise urban buildings,modern or contemporary urban appearance,59,wvaPyioJF43w5mXAuD-A4w,180,D:\AAG\Milano_SVI\lang2img\0_Dataprocessing\views_4\wvaPyioJF43w5mXAuD-A4w_180.jpg,M2_0006.jpg,images/M2_0006.jpg,copied,M2_0006,m5,skyscraper,wvapyiojf43w5mxaud-a4w::180,180,9.19357275,45.48335215,D:\AAG\Milano_SVI\lang2img\4_FindTop20\outputs\M2_m5_skyscraper\images\M2_0006.jpg,m1_clip | m2_finetuned_clip,2,6,0.22033691,D:\AAG\Milano_SVI\lang2img\0_M1_CLIP\M1_Results\M2\m2_candidates_baseline_q99_top2mean.csv,6,0.19726562,D:\AAG\Milano_SVI\lang2img\0_M2_fineturned_Clip\M2_Results\M2\m2_candidates_baseline_q99_top2mean.csv,,,,,,,,,,,,,,,,,,,,D:\AAG\Milano_SVI\lang2img\0_Dataprocessing\views_4\wvaPyioJF43w5mXAuD-A4w_180.jpg
M2_0007,M2,I want to find a modern urban place with visible skyscrapers around me.,mixed_tension_aware,visible skyscrapers or high-rise urban buildings,modern or contemporary urban appearance,2,Gvw5gq7xftKaeGL6V89ZTw,180,D:\AAG\Milano_SVI\lang2img\0_Dataprocessing\views_4\Gvw5gq7xftKaeGL6V89ZTw_180.jpg,M2_0007.jpg,images/M2_0007.jpg,copied,M2_0007,m5,skyscraper,gvw5gq7xftkaegl6v89ztw::180,180,9.200288891,45.4858293,D:\AAG\Milano_SVI\lang2img\4_FindTop20\outputs\M2_m5_skyscraper\images\M2_0007.jpg,m1_clip | m2_finetuned_clip | m3_qwen_rerank,3,7,0.21911621,D:\AAG\Milano_SVI\lang2img\0_M1_CLIP\M1_Results\M2\m2_candidates_baseline_q99_top2mean.csv,16,0.19360352,D:\AAG\Milano_SVI\lang2img\0_M2_fineturned_Clip\M2_Results\M2\m2_candidates_baseline_q99_top2mean.csv,5,0.21911621,D:\AAG\Milano_SVI\lang2img\3_Rerank\Rerank_M3\M3_Results\M2\m2_m3_qwen_reranked.csv,,,,,,,,,,,,,,,,,D:\AAG\Milano_SVI\lang2img\0_Dataprocessing\views_4\Gvw5gq7xftKaeGL6V89ZTw_180.jpg
M2_0008,M2,I want to find a modern urban place with visible skyscrapers around me.,mixed_tension_aware,visible skyscrapers or high-rise urban buildings,modern or contemporary urban appearance,74,uu0aj1nI5J2ttXhMjZMLFw,180,D:\AAG\Milano_SVI\lang2img\0_Dataprocessing\views_4\uu0aj1nI5J2ttXhMjZMLFw_180.jpg,M2_0008.jpg,images/M2_0008.jpg,copied,M2_0008,m5,skyscraper,uu0aj1ni5j2ttxhmjzmlfw::180,180,9.1487359,45.4828658,D:\AAG\Milano_SVI\lang2img\4_FindTop20\outputs\M2_m5_skyscraper\images\M2_0008.jpg,m1_clip,1,8,0.21911621,D:\AAG\Milano_SVI\lang2img\0_M1_CLIP\M1_Results\M2\m2_candidates_baseline_q99_top2mean.csv,,,,,,,,,,,,,,,,,,,,,,,D:\AAG\Milano_SVI\lang2img\0_Dataprocessing\views_4\uu0aj1nI5J2ttXhMjZMLFw_180.jpg
M2_0009,M2,I want to find a modern urban place with visible skyscrapers around me.,mixed_tension_aware,visible skyscrapers or high-rise urban buildings,modern or contemporary urban appearance,91,xMGohmMuM_Q5Y3z46Ubnjw,270,D:\AAG\Milano_SVI\lang2img\0_Dataprocessing\views_4\xMGohmMuM_Q5Y3z46Ubnjw_270.jpg,M2_0009.jpg,images/M2_0009.jpg,copied,M2_0009,m5,skyscraper,xmgohmmum_q5y3z46ubnjw::270,270,9.1933055,45.4829285,D:\AAG\Milano_SVI\lang2img\4_FindTop20\outputs\M2_m5_skyscraper\images\M2_0009.jpg,m1_clip,1,9,0.21862793,D:\AAG\Milano_SVI\lang2img\0_M1_CLIP\M1_Results\M2\m2_candidates_baseline_q99_top2mean.csv,,,,,,,,,,,,,,,,,,,,,,,D:\AAG\Milano_SVI\lang2img\0_Dataprocessing\views_4\xMGohmMuM_Q5Y3z46Ubnjw_270.jpg
M2_0010,M2,I want to find a modern urban place with visible skyscrapers around me.,mixed_tension_aware,visible skyscrapers or high-rise urban buildings,modern or contemporary urban appearance,104,8MCLJ_EwVaizrTIiE36sKQ,270,D:\AAG\Milano_SVI\lang2img\0_Dataprocessing\views_4\8MCLJ_EwVaizrTIiE36sKQ_270.jpg,M2_0010.jpg,images/M2_0010.jpg,copied,M2_0010,m5,skyscraper,8mclj_ewvaizrtiie36skq::270,270,9.110855572,45.4976738,D:\AAG\Milano_SVI\lang2img\4_FindTop20\outputs\M2_m5_skyscraper\images\M2_0010.jpg,m1_clip,1,10,0.21850586,D:\AAG\Milano_SVI\lang2img\0_M1_CLIP\M1_Results\M2\m2_candidates_baseline_q99_top2mean.csv,,,,,,,,,,,,,,,,,,,,,,,D:\AAG\Milano_SVI\lang2img\0_Dataprocessing\views_4\8MCLJ_EwVaizrTIiE36sKQ_270.jpg
M2_0011,M2,I want to find a modern urban place with visible skyscrapers around me.,mixed_tension_aware,visible skyscrapers or high-rise urban buildings,modern or contemporary urban appearance,80,8h3uMd3edw9Mxa8DTTytZw,180,D:\AAG\Milano_SVI\lang2img\0_Dataprocessing\views_4\8h3uMd3edw9Mxa8DTTytZw_180.jpg,M2_0011.jpg,images/M2_0011.jpg,copied,M2_0011,m5,skyscraper,8h3umd3edw9mxa8dttytzw::180,180,9.100060477,45.51206651,D:\AAG\Milano_SVI\lang2img\4_FindTop20\outputs\M2_m5_skyscraper\images\M2_0011.jpg,m1_clip,1,11,0.21826172,D:\AAG\Milano_SVI\lang2img\0_M1_CLIP\M1_Results\M2\m2_candidates_baseline_q99_top2mean.csv,,,,,,,,,,,,,,,,,,,,,,,D:\AAG\Milano_SVI\lang2img\0_Dataprocessing\views_4\8h3uMd3edw9Mxa8DTTytZw_180.jpg
M2_0012,M2,I want to find a modern urban place with visible skyscrapers around me.,mixed_tension_aware,visible skyscrapers or high-rise urban buildings,modern or contemporary urban appearance,77,RDCQawfKzQ-tVKYDUhpGvg,0,D:\AAG\Milano_SVI\lang2img\0_Dataprocessing\views_4\RDCQawfKzQ-tVKYDUhpGvg_000.jpg,M2_0012.jpg,images/M2_0012.jpg,copied,M2_0012,m5,skyscraper,rdcqawfkzq-tvkyduhpgvg::0,0,9.2136428,45.515709,D:\AAG\Milano_SVI\lang2img\4_FindTop20\outputs\M2_m5_skyscraper\images\M2_0012.jpg,m1_clip,1,12,0.21765137,D:\AAG\Milano_SVI\lang2img\0_M1_CLIP\M1_Results\M2\m2_candidates_baseline_q99_top2mean.csv,,,,,,,,,,,,,,,,,,,,,,,D:\AAG\Milano_SVI\lang2img\0_Dataprocessing\views_4\RDCQawfKzQ-tVKYDUhpGvg_000.jpg
M2_0013,M2,I want to find a modern urban place with visible skyscrapers around me.,mixed_tension_aware,visible skyscrapers or high-rise urban buildings,modern or contemporary urban appearance,11,smX62btGH0hovwGygcVGIQ,180,D:\AAG\Milano_SVI\lang2img\0_Dataprocessing\views_4\smX62btGH0hovwGygcVGIQ_180.jpg,M2_0013.jpg,images/M2_0013.jpg,copied,M2_0013,m5,skyscraper,smx62btgh0hovwgygcvgiq::180,180,9.189030765,45.48534695,D:\AAG\Milano_SVI\lang2img\4_FindTop20\outputs\M2_m5_skyscraper\images\M2_0013.jpg,m1_clip,1,13,0.21765137,D:\AAG\Milano_SVI\lang2img\0_M1_CLIP\M1_Results\M2\m2_candidates_baseline_q99_top2mean.csv,,,,,,,,,,,,,,,,,,,,,,,D:\AAG\Milano_SVI\lang2img\0_Dataprocessing\views_4\smX62btGH0hovwGygcVGIQ_180.jpg
M2_0014,M2,I want to find a modern urban place with visible skyscrapers around me.,mixed_tension_aware,visible skyscrapers or high-rise urban buildings,modern or contemporary urban appearance,42,PSPtNal4BW8EPryjdSlb0w,270,D:\AAG\Milano_SVI\lang2img\0_Dataprocessing\views_4\PSPtNal4BW8EPryjdSlb0w_270.jpg,M2_0014.jpg,images/M2_0014.jpg,copied,M2_0014,m5,skyscraper,psptnal4bw8epryjdslb0w::270,270,9.2208155,45.4995936,D:\AAG\Milano_SVI\lang2img\4_FindTop20\outputs\M2_m5_skyscraper\images\M2_0014.jpg,m1_clip,1,14,0.21728516,D:\AAG\Milano_SVI\lang2img\0_M1_CLIP\M1_Results\M2\m2_candidates_baseline_q99_top2mean.csv,,,,,,,,,,,,,,,,,,,,,,,D:\AAG\Milano_SVI\lang2img\0_Dataprocessing\views_4\PSPtNal4BW8EPryjdSlb0w_270.jpg
M2_0015,M2,I want to find a modern urban place with visible skyscrapers around me.,mixed_tension_aware,visible skyscrapers or high-rise urban buildings,modern or contemporary urban appearance,68,3_Oj2Mlvqs89lNm3zpnHWA,270,D:\AAG\Milano_SVI\lang2img\0_Dataprocessing\views_4\3_Oj2Mlvqs89lNm3zpnHWA_270.jpg,M2_0015.jpg,images/M2_0015.jpg,copied,M2_0015,m5,skyscraper,3_oj2mlvqs89lnm3zpnhwa::270,270,9.193293783,45.48685865,D:\AAG\Milano_SVI\lang2img\4_FindTop20\outputs\M2_m5_skyscraper\images\M2_0015.jpg,m1_clip,1,15,0.2166748,D:\AAG\Milano_SVI\lang2img\0_M1_CLIP\M1_Results\M2\m2_candidates_baseline_q99_top2mean.csv,,,,,,,,,,,,,,,,,,,,,,,D:\AAG\Milano_SVI\lang2img\0_Dataprocessing\views_4\3_Oj2Mlvqs89lNm3zpnHWA_270.jpg
M2_0016,M2,I want to find a modern urban place with visible skyscrapers around me.,mixed_tension_aware,visible skyscrapers or high-rise urban buildings,modern or contemporary urban appearance,67,3UcxzaVapUUnoLM8C1Wctg,180,D:\AAG\Milano_SVI\lang2img\0_Dataprocessing\views_4\3UcxzaVapUUnoLM8C1Wctg_180.jpg,M2_0016.jpg,images/M2_0016.jpg,copied,M2_0016,m5,skyscraper,3ucxzavapuunolm8c1wctg::180,180,9.116407531,45.51458929,D:\AAG\Milano_SVI\lang2img\4_FindTop20\outputs\M2_m5_skyscraper\images\M2_0016.jpg,m1_clip,1,16,0.2163086,D:\AAG\Milano_SVI\lang2img\0_M1_CLIP\M1_Results\M2\m2_candidates_baseline_q99_top2mean.csv,,,,,,,,,,,,,,,,,,,,,,,D:\AAG\Milano_SVI\lang2img\0_Dataprocessing\views_4\3UcxzaVapUUnoLM8C1Wctg_180.jpg
M2_0017,M2,I want to find a modern urban place with visible skyscrapers around me.,mixed_tension_aware,visible skyscrapers or high-rise urban buildings,modern or contemporary urban appearance,53,jkCGJ39a5yKsmdkYgZPZQQ,0,D:\AAG\Milano_SVI\lang2img\0_Dataprocessing\views_4\jkCGJ39a5yKsmdkYgZPZQQ_000.jpg,M2_0017.jpg,images/M2_0017.jpg,copied,M2_0017,m5,skyscraper,jkcgj39a5yksmdkygzpzqq::0,0,9.0994806,45.5099594,D:\AAG\Milano_SVI\lang2img\4_FindTop20\outputs\M2_m5_skyscraper\images\M2_0017.jpg,m1_clip,1,17,0.21606445,D:\AAG\Milano_SVI\lang2img\0_M1_CLIP\M1_Results\M2\m2_candidates_baseline_q99_top2mean.csv,,,,,,,,,,,,,,,,,,,,,,,D:\AAG\Milano_SVI\lang2img\0_Dataprocessing\views_4\jkCGJ39a5yKsmdkYgZPZQQ_000.jpg
M2_0018,M2,I want to find a modern urban place with visible skyscrapers around me.,mixed_tension_aware,visible skyscrapers or high-rise urban buildings,modern or contemporary urban appearance,57,iCkgLas3DMhqVtwJYTaL1Q,270,D:\AAG\Milano_SVI\lang2img\0_Dataprocessing\views_4\iCkgLas3DMhqVtwJYTaL1Q_270.jpg,M2_0018.jpg,images/M2_0018.jpg,copied,M2_0018,m5,skyscraper,ickglas3dmhqvtwjytal1q::270,270,9.1012805,45.5133142,D:\AAG\Milano_SVI\lang2img\4_FindTop20\outputs\M2_m5_skyscraper\images\M2_0018.jpg,m1_clip,1,18,0.21582031,D:\AAG\Milano_SVI\lang2img\0_M1_CLIP\M1_Results\M2\m2_candidates_baseline_q99_top2mean.csv,,,,,,,,,,,,,,,,,,,,,,,D:\AAG\Milano_SVI\lang2img\0_Dataprocessing\views_4\iCkgLas3DMhqVtwJYTaL1Q_270.jpg
M2_0019,M2,I want to find a modern urban place with visible skyscrapers around me.,mixed_tension_aware,visible skyscrapers or high-rise urban buildings,modern or contemporary urban appearance,34,yZkjhkfGVdKwVnSI5NMgVg,0,D:\AAG\Milano_SVI\lang2img\0_Dataprocessing\views_4\yZkjhkfGVdKwVnSI5NMgVg_000.jpg,M2_0019.jpg,images/M2_0019.jpg,copied,M2_0019,m5,skyscraper,yzkjhkfgvdkwvnsi5nmgvg::0,0,9.1921365,45.4819671,D:\AAG\Milano_SVI\lang2img\4_FindTop20\outputs\M2_m5_skyscraper\images\M2_0019.jpg,m1_clip | m2_finetuned_clip,2,19,0.2154541,D:\AAG\Milano_SVI\lang2img\0_M1_CLIP\M1_Results\M2\m2_candidates_baseline_q99_top2mean.csv,2,0.19995117,D:\AAG\Milano_SVI\lang2img\0_M2_fineturned_Clip\M2_Results\M2\m2_candidates_baseline_q99_top2mean.csv,,,,,,,,,,,,,,,,,,,,D:\AAG\Milano_SVI\lang2img\0_Dataprocessing\views_4\yZkjhkfGVdKwVnSI5NMgVg_000.jpg
M2_0020,M2,I want to find a modern urban place with visible skyscrapers around me.,mixed_tension_aware,visible skyscrapers or high-rise urban buildings,modern or contemporary urban appearance,31,EU_6VTuV7SCQVtywLHNRjQ,180,D:\AAG\Milano_SVI\lang2img\0_Dataprocessing\views_4\EU_6VTuV7SCQVtywLHNRjQ_180.jpg,M2_0020.jpg,images/M2_0020.jpg,copied,M2_0020,m5,skyscraper,eu_6vtuv7scqvtywlhnrjq::180,180,9.194237,45.4876941,D:\AAG\Milano_SVI\lang2img\4_FindTop20\outputs\M2_m5_skyscraper\images\M2_0020.jpg,m1_clip | m3_qwen_rerank,2,20,0.2154541,D:\AAG\Milano_SVI\lang2img\0_M1_CLIP\M1_Results\M2\m2_candidates_baseline_q99_top2mean.csv,,,,6,0.2154541,D:\AAG\Milano_SVI\lang2img\3_Rerank\Rerank_M3\M3_Results\M2\m2_m3_qwen_reranked.csv,,,,,,,,,,,,,,,,,D:\AAG\Milano_SVI\lang2img\0_Dataprocessing\views_4\EU_6VTuV7SCQVtywLHNRjQ_180.jpg
M2_0021,M2,I want to find a modern urban place with visible skyscrapers around me.,mixed_tension_aware,visible skyscrapers or high-rise urban buildings,modern or contemporary urban appearance,69,M7i92w02z4KkuoikIUNIpw,180,D:\AAG\Milano_SVI\lang2img\0_Dataprocessing\views_4\M7i92w02z4KkuoikIUNIpw_180.jpg,M2_0021.jpg,images/M2_0021.jpg,copied,M2_0021,m5,skyscraper,m7i92w02z4kkuoikiunipw::180,180,9.105067381,45.51155766,D:\AAG\Milano_SVI\lang2img\4_FindTop20\outputs\M2_m5_skyscraper\images\M2_0021.jpg,m2_finetuned_clip | placeseek_affective_m4,2,,,,3,0.19934082,D:\AAG\Milano_SVI\lang2img\0_M2_fineturned_Clip\M2_Results\M2\m2_candidates_baseline_q99_top2mean.csv,,,,,,,,,,,,,18,0.2121582,D:\AAG\Milano_SVI\lang2img\3_Rerank\Rerank_Affective\M2_m4_skyscraper\m2_m4_skyscraper_affective_reranked.csv,,,,,D:\AAG\Milano_SVI\lang2img\0_Dataprocessing\views_4\M7i92w02z4KkuoikIUNIpw_180.jpg
M2_0022,M2,I want to find a modern urban place with visible skyscrapers around me.,mixed_tension_aware,visible skyscrapers or high-rise urban buildings,modern or contemporary urban appearance,61,PfynGIUa-2L5zasE3704EA,270,D:\AAG\Milano_SVI\lang2img\0_Dataprocessing\views_4\PfynGIUa-2L5zasE3704EA_270.jpg,M2_0022.jpg,images/M2_0022.jpg,copied,M2_0022,m5,skyscraper,pfyngiua-2l5zase3704ea::270,270,9.1937044,45.4827464,D:\AAG\Milano_SVI\lang2img\4_FindTop20\outputs\M2_m5_skyscraper\images\M2_0022.jpg,m2_finetuned_clip,1,,,,4,0.19750977,D:\AAG\Milano_SVI\lang2img\0_M2_fineturned_Clip\M2_Results\M2\m2_candidates_baseline_q99_top2mean.csv,,,,,,,,,,,,,,,,,,,,D:\AAG\Milano_SVI\lang2img\0_Dataprocessing\views_4\PfynGIUa-2L5zasE3704EA_270.jpg
M2_0023,M2,I want to find a modern urban place with visible skyscrapers around me.,mixed_tension_aware,visible skyscrapers or high-rise urban buildings,modern or contemporary urban appearance,73,BdDRQU7opEnFpRKmDYg92w,180,D:\AAG\Milano_SVI\lang2img\0_Dataprocessing\views_4\BdDRQU7opEnFpRKmDYg92w_180.jpg,M2_0023.jpg,images/M2_0023.jpg,copied,M2_0023,m5,skyscraper,bddrqu7openfprkmdyg92w::180,180,9.101705268,45.50782162,D:\AAG\Milano_SVI\lang2img\4_FindTop20\outputs\M2_m5_skyscraper\images\M2_0023.jpg,m2_finetuned_clip | m3_qwen_rerank,2,,,,5,0.1973877,D:\AAG\Milano_SVI\lang2img\0_M2_fineturned_Clip\M2_Results\M2\m2_candidates_baseline_q99_top2mean.csv,17,0.21032715,D:\AAG\Milano_SVI\lang2img\3_Rerank\Rerank_M3\M3_Results\M2\m2_m3_qwen_reranked.csv,,,,,,,,,,,,,,,,,D:\AAG\Milano_SVI\lang2img\0_Dataprocessing\views_4\BdDRQU7opEnFpRKmDYg92w_180.jpg
M2_0024,M2,I want to find a modern urban place with visible skyscrapers around me.,mixed_tension_aware,visible skyscrapers or high-rise urban buildings,modern or contemporary urban appearance,27,tAY-jTWwugQqZkjs47l5lg,180,D:\AAG\Milano_SVI\lang2img\0_Dataprocessing\views_4\tAY-jTWwugQqZkjs47l5lg_180.jpg,M2_0024.jpg,images/M2_0024.jpg,copied,M2_0024,m5,skyscraper,tay-jtwwugqqzkjs47l5lg::180,180,9.1008918,45.5117115,D:\AAG\Milano_SVI\lang2img\4_FindTop20\outputs\M2_m5_skyscraper\images\M2_0024.jpg,m2_finetuned_clip,1,,,,7,0.19689941,D:\AAG\Milano_SVI\lang2img\0_M2_fineturned_Clip\M2_Results\M2\m2_candidates_baseline_q99_top2mean.csv,,,,,,,,,,,,,,,,,,,,D:\AAG\Milano_SVI\lang2img\0_Dataprocessing\views_4\tAY-jTWwugQqZkjs47l5lg_180.jpg
M2_0025,M2,I want to find a modern urban place with visible skyscrapers around me.,mixed_tension_aware,visible skyscrapers or high-rise urban buildings,modern or contemporary urban appearance,60,KmipdxbTs2qP3uKTysJQfg,180,D:\AAG\Milano_SVI\lang2img\0_Dataprocessing\views_4\KmipdxbTs2qP3uKTysJQfg_180.jpg,M2_0025.jpg,images/M2_0025.jpg,copied,M2_0025,m5,skyscraper,kmipdxbts2qp3uktysjqfg::180,180,9.104527024,45.50903775,D:\AAG\Milano_SVI\lang2img\4_FindTop20\outputs\M2_m5_skyscraper\images\M2_0025.jpg,m2_finetuned_clip,1,,,,8,0.19628906,D:\AAG\Milano_SVI\lang2img\0_M2_fineturned_Clip\M2_Results\M2\m2_candidates_baseline_q99_top2mean.csv,,,,,,,,,,,,,,,,,,,,D:\AAG\Milano_SVI\lang2img\0_Dataprocessing\views_4\KmipdxbTs2qP3uKTysJQfg_180.jpg
M2_0026,M2,I want to find a modern urban place with visible skyscrapers around me.,mixed_tension_aware,visible skyscrapers or high-rise urban buildings,modern or contemporary urban appearance,9,WgVaOZOMG43Zr5cheEAE1w,180,D:\AAG\Milano_SVI\lang2img\0_Dataprocessing\views_4\WgVaOZOMG43Zr5cheEAE1w_180.jpg,M2_0026.jpg,images/M2_0026.jpg,copied,M2_0026,m5,skyscraper,wgvaozomg43zr5cheeae1w::180,180,9.187175753,45.48365027,D:\AAG\Milano_SVI\lang2img\4_FindTop20\outputs\M2_m5_skyscraper\images\M2_0026.jpg,m2_finetuned_clip | m3_qwen_rerank,2,,,,9,0.19580078,D:\AAG\Milano_SVI\lang2img\0_M2_fineturned_Clip\M2_Results\M2\m2_candidates_baseline_q99_top2mean.csv,1,0.2064209,D:\AAG\Milano_SVI\lang2img\3_Rerank\Rerank_M3\M3_Results\M2\m2_m3_qwen_reranked.csv,,,,,,,,,,,,,,,,,D:\AAG\Milano_SVI\lang2img\0_Dataprocessing\views_4\WgVaOZOMG43Zr5cheEAE1w_180.jpg
M2_0027,M2,I want to find a modern urban place with visible skyscrapers around me.,mixed_tension_aware,visible skyscrapers or high-rise urban buildings,modern or contemporary urban appearance,22,xMGohmMuM_Q5Y3z46Ubnjw,180,D:\AAG\Milano_SVI\lang2img\0_Dataprocessing\views_4\xMGohmMuM_Q5Y3z46Ubnjw_180.jpg,M2_0027.jpg,images/M2_0027.jpg,copied,M2_0027,m5,skyscraper,xmgohmmum_q5y3z46ubnjw::180,180,9.1933055,45.4829285,D:\AAG\Milano_SVI\lang2img\4_FindTop20\outputs\M2_m5_skyscraper\images\M2_0027.jpg,m2_finetuned_clip,1,,,,10,0.19470215,D:\AAG\Milano_SVI\lang2img\0_M2_fineturned_Clip\M2_Results\M2\m2_candidates_baseline_q99_top2mean.csv,,,,,,,,,,,,,,,,,,,,D:\AAG\Milano_SVI\lang2img\0_Dataprocessing\views_4\xMGohmMuM_Q5Y3z46Ubnjw_180.jpg
M2_0028,M2,I want to find a modern urban place with visible skyscrapers around me.,mixed_tension_aware,visible skyscrapers or high-rise urban buildings,modern or contemporary urban appearance,64,oWF84kc3uvIs5-2l9vkZKw,180,D:\AAG\Milano_SVI\lang2img\0_Dataprocessing\views_4\oWF84kc3uvIs5-2l9vkZKw_180.jpg,M2_0028.jpg,images/M2_0028.jpg,copied,M2_0028,m5,skyscraper,owf84kc3uvis5-2l9vkzkw::180,180,9.1935576,45.4831555,D:\AAG\Milano_SVI\lang2img\4_FindTop20\outputs\M2_m5_skyscraper\images\M2_0028.jpg,m2_finetuned_clip | m3_qwen_rerank | placeseek_affective_m5,3,,,,11,0.19458008,D:\AAG\Milano_SVI\lang2img\0_M2_fineturned_Clip\M2_Results\M2\m2_candidates_baseline_q99_top2mean.csv,9,0.21411133,D:\AAG\Milano_SVI\lang2img\3_Rerank\Rerank_M3\M3_Results\M2\m2_m3_qwen_reranked.csv,,,,10,0.21411133,D:\AAG\Milano_SVI\lang2img\3_Rerank\Rerank_Affective\M2_m5_skyscraper\m2_m5_skyscraper_affective_reranked.csv,,,,,,,,,,,D:\AAG\Milano_SVI\lang2img\0_Dataprocessing\views_4\oWF84kc3uvIs5-2l9vkZKw_180.jpg
M2_0029,M2,I want to find a modern urban place with visible skyscrapers around me.,mixed_tension_aware,visible skyscrapers or high-rise urban buildings,modern or contemporary urban appearance,33,nld_tN6H3IaEZoblrdGc5Q,180,D:\AAG\Milano_SVI\lang2img\0_Dataprocessing\views_4\nld_tN6H3IaEZoblrdGc5Q_180.jpg,M2_0029.jpg,images/M2_0029.jpg,copied,M2_0029,m5,skyscraper,nld_tn6h3iaezoblrdgc5q::180,180,9.194150666,45.48383433,D:\AAG\Milano_SVI\lang2img\4_FindTop20\outputs\M2_m5_skyscraper\images\M2_0029.jpg,m2_finetuned_clip,1,,,,12,0.19421387,D:\AAG\Milano_SVI\lang2img\0_M2_fineturned_Clip\M2_Results\M2\m2_candidates_baseline_q99_top2mean.csv,,,,,,,,,,,,,,,,,,,,D:\AAG\Milano_SVI\lang2img\0_Dataprocessing\views_4\nld_tN6H3IaEZoblrdGc5Q_180.jpg
M2_0030,M2,I want to find a modern urban place with visible skyscrapers around me.,mixed_tension_aware,visible skyscrapers or high-rise urban buildings,modern or contemporary urban appearance,84,VCiQJ2xT7T3RGdft-_4Y8w,180,D:\AAG\Milano_SVI\lang2img\0_Dataprocessing\views_4\VCiQJ2xT7T3RGdft-_4Y8w_180.jpg,M2_0030.jpg,images/M2_0030.jpg,copied,M2_0030,m5,skyscraper,vciqj2xt7t3rgdft-_4y8w::180,180,9.1926924,45.4832022,D:\AAG\Milano_SVI\lang2img\4_FindTop20\outputs\M2_m5_skyscraper\images\M2_0030.jpg,m2_finetuned_clip,1,,,,13,0.1940918,D:\AAG\Milano_SVI\lang2img\0_M2_fineturned_Clip\M2_Results\M2\m2_candidates_baseline_q99_top2mean.csv,,,,,,,,,,,,,,,,,,,,D:\AAG\Milano_SVI\lang2img\0_Dataprocessing\views_4\VCiQJ2xT7T3RGdft-_4Y8w_180.jpg
M2_0031,M2,I want to find a modern urban place with visible skyscrapers around me.,mixed_tension_aware,visible skyscrapers or high-rise urban buildings,modern or contemporary urban appearance,38,fie8PuYXQtQ1v-Ail5Ex5w,0,D:\AAG\Milano_SVI\lang2img\0_Dataprocessing\views_4\fie8PuYXQtQ1v-Ail5Ex5w_000.jpg,M2_0031.jpg,images/M2_0031.jpg,copied,M2_0031,m5,skyscraper,fie8puyxqtq1v-ail5ex5w::0,0,9.1947811,45.4822021,D:\AAG\Milano_SVI\lang2img\4_FindTop20\outputs\M2_m5_skyscraper\images\M2_0031.jpg,m2_finetuned_clip,1,,,,14,0.19396973,D:\AAG\Milano_SVI\lang2img\0_M2_fineturned_Clip\M2_Results\M2\m2_candidates_baseline_q99_top2mean.csv,,,,,,,,,,,,,,,,,,,,D:\AAG\Milano_SVI\lang2img\0_Dataprocessing\views_4\fie8PuYXQtQ1v-Ail5Ex5w_000.jpg
M2_0032,M2,I want to find a modern urban place with visible skyscrapers around me.,mixed_tension_aware,visible skyscrapers or high-rise urban buildings,modern or contemporary urban appearance,45,eobSBrNO7Sn5H9E-x3vjlg,180,D:\AAG\Milano_SVI\lang2img\0_Dataprocessing\views_4\eobSBrNO7Sn5H9E-x3vjlg_180.jpg,M2_0032.jpg,images/M2_0032.jpg,copied,M2_0032,m5,skyscraper,eobsbrno7sn5h9e-x3vjlg::180,180,9.1957197,45.4851158,D:\AAG\Milano_SVI\lang2img\4_FindTop20\outputs\M2_m5_skyscraper\images\M2_0032.jpg,m2_finetuned_clip,1,,,,15,0.19396973,D:\AAG\Milano_SVI\lang2img\0_M2_fineturned_Clip\M2_Results\M2\m2_candidates_baseline_q99_top2mean.csv,,,,,,,,,,,,,,,,,,,,D:\AAG\Milano_SVI\lang2img\0_Dataprocessing\views_4\eobSBrNO7Sn5H9E-x3vjlg_180.jpg
M2_0033,M2,I want to find a modern urban place with visible skyscrapers around me.,mixed_tension_aware,visible skyscrapers or high-rise urban buildings,modern or contemporary urban appearance,83,ueefn4lAKZ5ie1pPmji0GQ,180,D:\AAG\Milano_SVI\lang2img\0_Dataprocessing\views_4\ueefn4lAKZ5ie1pPmji0GQ_180.jpg,M2_0033.jpg,images/M2_0033.jpg,copied,M2_0033,m5,skyscraper,ueefn4lakz5ie1ppmji0gq::180,180,9.189508285,45.48177346,D:\AAG\Milano_SVI\lang2img\4_FindTop20\outputs\M2_m5_skyscraper\images\M2_0033.jpg,m2_finetuned_clip,1,,,,17,0.19335938,D:\AAG\Milano_SVI\lang2img\0_M2_fineturned_Clip\M2_Results\M2\m2_candidates_baseline_q99_top2mean.csv,,,,,,,,,,,,,,,,,,,,D:\AAG\Milano_SVI\lang2img\0_Dataprocessing\views_4\ueefn4lAKZ5ie1pPmji0GQ_180.jpg
M2_0034,M2,I want to find a modern urban place with visible skyscrapers around me.,mixed_tension_aware,visible skyscrapers or high-rise urban buildings,modern or contemporary urban appearance,97,dK9IvGxvixD8USlaLzJZDg,180,D:\AAG\Milano_SVI\lang2img\0_Dataprocessing\views_4\dK9IvGxvixD8USlaLzJZDg_180.jpg,M2_0034.jpg,images/M2_0034.jpg,copied,M2_0034,m5,skyscraper,dk9ivgxvixd8uslalzjzdg::180,180,9.121500868,45.51216643,D:\AAG\Milano_SVI\lang2img\4_FindTop20\outputs\M2_m5_skyscraper\images\M2_0034.jpg,m2_finetuned_clip | placeseek_semantic_m5,2,,,,18,0.19311523,D:\AAG\Milano_SVI\lang2img\0_M2_fineturned_Clip\M2_Results\M2\m2_candidates_baseline_q99_top2mean.csv,,,,17,0.21081543,D:\AAG\Milano_SVI\lang2img\3_Rerank\Rerank_Semantic\M2_m5_skyscraper\m2_m5_skyscraper_semantic_reranked.csv,,,,,,,,,,,,,,D:\AAG\Milano_SVI\lang2img\0_Dataprocessing\views_4\dK9IvGxvixD8USlaLzJZDg_180.jpg
M2_0035,M2,I want to find a modern urban place with visible skyscrapers around me.,mixed_tension_aware,visible skyscrapers or high-rise urban buildings,modern or contemporary urban appearance,51,1wtkD9JWADVG7RHd8c0nYw,180,D:\AAG\Milano_SVI\lang2img\0_Dataprocessing\views_4\1wtkD9JWADVG7RHd8c0nYw_180.jpg,M2_0035.jpg,images/M2_0035.jpg,copied,M2_0035,m5,skyscraper,1wtkd9jwadvg7rhd8c0nyw::180,180,9.192892,45.4831275,D:\AAG\Milano_SVI\lang2img\4_FindTop20\outputs\M2_m5_skyscraper\images\M2_0035.jpg,m2_finetuned_clip,1,,,,19,0.19299316,D:\AAG\Milano_SVI\lang2img\0_M2_fineturned_Clip\M2_Results\M2\m2_candidates_baseline_q99_top2mean.csv,,,,,,,,,,,,,,,,,,,,D:\AAG\Milano_SVI\lang2img\0_Dataprocessing\views_4\1wtkD9JWADVG7RHd8c0nYw_180.jpg
M2_0036,M2,I want to find a modern urban place with visible skyscrapers around me.,mixed_tension_aware,visible skyscrapers or high-rise urban buildings,modern or contemporary urban appearance,63,SQ7wa4goEMdQouoQb7Njtw,180,D:\AAG\Milano_SVI\lang2img\0_Dataprocessing\views_4\SQ7wa4goEMdQouoQb7Njtw_180.jpg,M2_0036.jpg,images/M2_0036.jpg,copied,M2_0036,m5,skyscraper,sq7wa4goemdqouoqb7njtw::180,180,9.09905,45.5128309,D:\AAG\Milano_SVI\lang2img\4_FindTop20\outputs\M2_m5_skyscraper\images\M2_0036.jpg,m2_finetuned_clip,1,,,,20,0.1928711,D:\AAG\Milano_SVI\lang2img\0_M2_fineturned_Clip\M2_Results\M2\m2_candidates_baseline_q99_top2mean.csv,,,,,,,,,,,,,,,,,,,,D:\AAG\Milano_SVI\lang2img\0_Dataprocessing\views_4\SQ7wa4goEMdQouoQb7Njtw_180.jpg
M2_0037,M2,I want to find a modern urban place with visible skyscrapers around me.,mixed_tension_aware,visible skyscrapers or high-rise urban buildings,modern or contemporary urban appearance,46,rwJGpq__ewbmJcNWetkWwg,180,D:\AAG\Milano_SVI\lang2img\0_Dataprocessing\views_4\rwJGpq__ewbmJcNWetkWwg_180.jpg,M2_0037.jpg,images/M2_0037.jpg,copied,M2_0037,m5,skyscraper,rwjgpq__ewbmjcnwetkwwg::180,180,9.1883594,45.4857459,D:\AAG\Milano_SVI\lang2img\4_FindTop20\outputs\M2_m5_skyscraper\images\M2_0037.jpg,m3_qwen_rerank,1,,,,,,,2,0.21496582,D:\AAG\Milano_SVI\lang2img\3_Rerank\Rerank_M3\M3_Results\M2\m2_m3_qwen_reranked.csv,,,,,,,,,,,,,,,,,D:\AAG\Milano_SVI\lang2img\0_Dataprocessing\views_4\rwJGpq__ewbmJcNWetkWwg_180.jpg
M2_0038,M2,I want to find a modern urban place with visible skyscrapers around me.,mixed_tension_aware,visible skyscrapers or high-rise urban buildings,modern or contemporary urban appearance,50,6D4XixrTqWnk-HlPnP0QUQ,0,D:\AAG\Milano_SVI\lang2img\0_Dataprocessing\views_4\6D4XixrTqWnk-HlPnP0QUQ_000.jpg,M2_0038.jpg,images/M2_0038.jpg,copied,M2_0038,m5,skyscraper,6d4xixrtqwnk-hlpnp0quq::0,0,9.187767,45.483908,D:\AAG\Milano_SVI\lang2img\4_FindTop20\outputs\M2_m5_skyscraper\images\M2_0038.jpg,m3_qwen_rerank,1,,,,,,,3,0.21008301,D:\AAG\Milano_SVI\lang2img\3_Rerank\Rerank_M3\M3_Results\M2\m2_m3_qwen_reranked.csv,,,,,,,,,,,,,,,,,D:\AAG\Milano_SVI\lang2img\0_Dataprocessing\views_4\6D4XixrTqWnk-HlPnP0QUQ_000.jpg
M2_0039,M2,I want to find a modern urban place with visible skyscrapers around me.,mixed_tension_aware,visible skyscrapers or high-rise urban buildings,modern or contemporary urban appearance,48,lJgJMRX8ovknYwKmbbwWrA,270,D:\AAG\Milano_SVI\lang2img\0_Dataprocessing\views_4\lJgJMRX8ovknYwKmbbwWrA_270.jpg,M2_0039.jpg,images/M2_0039.jpg,copied,M2_0039,m5,skyscraper,ljgjmrx8ovknywkmbbwwra::270,270,9.1931743,45.483128,D:\AAG\Milano_SVI\lang2img\4_FindTop20\outputs\M2_m5_skyscraper\images\M2_0039.jpg,m3_qwen_rerank | placeseek_affective_m5 | placeseek_affective_m4,3,,,,,,,7,0.21520996,D:\AAG\Milano_SVI\lang2img\3_Rerank\Rerank_M3\M3_Results\M2\m2_m3_qwen_reranked.csv,,,,6,0.21520996,D:\AAG\Milano_SVI\lang2img\3_Rerank\Rerank_Affective\M2_m5_skyscraper\m2_m5_skyscraper_affective_reranked.csv,,,,8,0.20910645,D:\AAG\Milano_SVI\lang2img\3_Rerank\Rerank_Affective\M2_m4_skyscraper\m2_m4_skyscraper_affective_reranked.csv,,,,,D:\AAG\Milano_SVI\lang2img\0_Dataprocessing\views_4\lJgJMRX8ovknYwKmbbwWrA_270.jpg
M2_0040,M2,I want to find a modern urban place with visible skyscrapers around me.,mixed_tension_aware,visible skyscrapers or high-rise urban buildings,modern or contemporary urban appearance,103,fk0Vvmo55UNmB0OnB0aM5Q,180,D:\AAG\Milano_SVI\lang2img\0_Dataprocessing\views_4\fk0Vvmo55UNmB0OnB0aM5Q_180.jpg,M2_0040.jpg,images/M2_0040.jpg,copied,M2_0040,m5,skyscraper,fk0vvmo55unmb0onb0am5q::180,180,9.188528,45.4863586,D:\AAG\Milano_SVI\lang2img\4_FindTop20\outputs\M2_m5_skyscraper\images\M2_0040.jpg,m3_qwen_rerank,1,,,,,,,8,0.21447754,D:\AAG\Milano_SVI\lang2img\3_Rerank\Rerank_M3\M3_Results\M2\m2_m3_qwen_reranked.csv,,,,,,,,,,,,,,,,,D:\AAG\Milano_SVI\lang2img\0_Dataprocessing\views_4\fk0Vvmo55UNmB0OnB0aM5Q_180.jpg
M2_0041,M2,I want to find a modern urban place with visible skyscrapers around me.,mixed_tension_aware,visible skyscrapers or high-rise urban buildings,modern or contemporary urban appearance,56,XvCBEcH_0i8hPl3ZyTZlsw,180,D:\AAG\Milano_SVI\lang2img\0_Dataprocessing\views_4\XvCBEcH_0i8hPl3ZyTZlsw_180.jpg,M2_0041.jpg,images/M2_0041.jpg,copied,M2_0041,m5,skyscraper,xvcbech_0i8hpl3zytzlsw::180,180,9.1882917,45.4853915,D:\AAG\Milano_SVI\lang2img\4_FindTop20\outputs\M2_m5_skyscraper\images\M2_0041.jpg,m3_qwen_rerank,1,,,,,,,10,0.21289062,D:\AAG\Milano_SVI\lang2img\3_Rerank\Rerank_M3\M3_Results\M2\m2_m3_qwen_reranked.csv,,,,,,,,,,,,,,,,,D:\AAG\Milano_SVI\lang2img\0_Dataprocessing\views_4\XvCBEcH_0i8hPl3ZyTZlsw_180.jpg
M2_0042,M2,I want to find a modern urban place with visible skyscrapers around me.,mixed_tension_aware,visible skyscrapers or high-rise urban buildings,modern or contemporary urban appearance,89,6oRrru6o0a94AAXZR0QBFQ,90,D:\AAG\Milano_SVI\lang2img\0_Dataprocessing\views_4\6oRrru6o0a94AAXZR0QBFQ_090.jpg,M2_0042.jpg,images/M2_0042.jpg,copied,M2_0042,m5,skyscraper,6orrru6o0a94aaxzr0qbfq::90,90,9.1495654,45.4859753,D:\AAG\Milano_SVI\lang2img\4_FindTop20\outputs\M2_m5_skyscraper\images\M2_0042.jpg,m3_qwen_rerank | placeseek_affective_m5,2,,,,,,,11,0.21289062,D:\AAG\Milano_SVI\lang2img\3_Rerank\Rerank_M3\M3_Results\M2\m2_m3_qwen_reranked.csv,,,,9,0.21289062,D:\AAG\Milano_SVI\lang2img\3_Rerank\Rerank_Affective\M2_m5_skyscraper\m2_m5_skyscraper_affective_reranked.csv,,,,,,,,,,,D:\AAG\Milano_SVI\lang2img\0_Dataprocessing\views_4\6oRrru6o0a94AAXZR0QBFQ_090.jpg
M2_0043,M2,I want to find a modern urban place with visible skyscrapers around me.,mixed_tension_aware,visible skyscrapers or high-rise urban buildings,modern or contemporary urban appearance,13,_8O_RQ8zcZFPYkXjKEg1XQ,180,D:\AAG\Milano_SVI\lang2img\0_Dataprocessing\views_4\_8O_RQ8zcZFPYkXjKEg1XQ_180.jpg,M2_0043.jpg,images/M2_0043.jpg,copied,M2_0043,m5,skyscraper,_8o_rq8zczfpykxjkeg1xq::180,180,9.194317554,45.48585226,D:\AAG\Milano_SVI\lang2img\4_FindTop20\outputs\M2_m5_skyscraper\images\M2_0043.jpg,m3_qwen_rerank,1,,,,,,,12,0.21240234,D:\AAG\Milano_SVI\lang2img\3_Rerank\Rerank_M3\M3_Results\M2\m2_m3_qwen_reranked.csv,,,,,,,,,,,,,,,,,D:\AAG\Milano_SVI\lang2img\0_Dataprocessing\views_4\_8O_RQ8zcZFPYkXjKEg1XQ_180.jpg
M2_0044,M2,I want to find a modern urban place with visible skyscrapers around me.,mixed_tension_aware,visible skyscrapers or high-rise urban buildings,modern or contemporary urban appearance,37,OpiuibnibJtSGhsHOuwhfQ,180,D:\AAG\Milano_SVI\lang2img\0_Dataprocessing\views_4\OpiuibnibJtSGhsHOuwhfQ_180.jpg,M2_0044.jpg,images/M2_0044.jpg,copied,M2_0044,m5,skyscraper,opiuibnibjtsghshouwhfq::180,180,9.1058363,45.5086984,D:\AAG\Milano_SVI\lang2img\4_FindTop20\outputs\M2_m5_skyscraper\images\M2_0044.jpg,m3_qwen_rerank,1,,,,,,,13,0.21191406,D:\AAG\Milano_SVI\lang2img\3_Rerank\Rerank_M3\M3_Results\M2\m2_m3_qwen_reranked.csv,,,,,,,,,,,,,,,,,D:\AAG\Milano_SVI\lang2img\0_Dataprocessing\views_4\OpiuibnibJtSGhsHOuwhfQ_180.jpg
M2_0045,M2,I want to find a modern urban place with visible skyscrapers around me.,mixed_tension_aware,visible skyscrapers or high-rise urban buildings,modern or contemporary urban appearance,24,S2NDrKAwG3d7V4t796S2zg,90,D:\AAG\Milano_SVI\lang2img\0_Dataprocessing\views_4\S2NDrKAwG3d7V4t796S2zg_090.jpg,M2_0045.jpg,images/M2_0045.jpg,copied,M2_0045,m5,skyscraper,s2ndrkawg3d7v4t796s2zg::90,90,9.1515677,45.4769608,D:\AAG\Milano_SVI\lang2img\4_FindTop20\outputs\M2_m5_skyscraper\images\M2_0045.jpg,m3_qwen_rerank,1,,,,,,,14,0.21105957,D:\AAG\Milano_SVI\lang2img\3_Rerank\Rerank_M3\M3_Results\M2\m2_m3_qwen_reranked.csv,,,,,,,,,,,,,,,,,D:\AAG\Milano_SVI\lang2img\0_Dataprocessing\views_4\S2NDrKAwG3d7V4t796S2zg_090.jpg
M2_0046,M2,I want to find a modern urban place with visible skyscrapers around me.,mixed_tension_aware,visible skyscrapers or high-rise urban buildings,modern or contemporary urban appearance,40,X-kPqos6qCVt2oNfn_Q9Ug,0,D:\AAG\Milano_SVI\lang2img\0_Dataprocessing\views_4\X-kPqos6qCVt2oNfn_Q9Ug_000.jpg,M2_0046.jpg,images/M2_0046.jpg,copied,M2_0046,m5,skyscraper,x-kpqos6qcvt2onfn_q9ug::0,0,9.1967033,45.4860271,D:\AAG\Milano_SVI\lang2img\4_FindTop20\outputs\M2_m5_skyscraper\images\M2_0046.jpg,m3_qwen_rerank,1,,,,,,,15,0.21105957,D:\AAG\Milano_SVI\lang2img\3_Rerank\Rerank_M3\M3_Results\M2\m2_m3_qwen_reranked.csv,,,,,,,,,,,,,,,,,D:\AAG\Milano_SVI\lang2img\0_Dataprocessing\views_4\X-kPqos6qCVt2oNfn_Q9Ug_000.jpg
M2_0047,M2,I want to find a modern urban place with visible skyscrapers around me.,mixed_tension_aware,visible skyscrapers or high-rise urban buildings,modern or contemporary urban appearance,41,0lDeL5KRuuCnNekEGMcClQ,180,D:\AAG\Milano_SVI\lang2img\0_Dataprocessing\views_4\0lDeL5KRuuCnNekEGMcClQ_180.jpg,M2_0047.jpg,images/M2_0047.jpg,copied,M2_0047,m5,skyscraper,0ldel5kruucnnekegmcclq::180,180,9.1986849,45.487473,D:\AAG\Milano_SVI\lang2img\4_FindTop20\outputs\M2_m5_skyscraper\images\M2_0047.jpg,m3_qwen_rerank,1,,,,,,,16,0.21069336,D:\AAG\Milano_SVI\lang2img\3_Rerank\Rerank_M3\M3_Results\M2\m2_m3_qwen_reranked.csv,,,,,,,,,,,,,,,,,D:\AAG\Milano_SVI\lang2img\0_Dataprocessing\views_4\0lDeL5KRuuCnNekEGMcClQ_180.jpg
M2_0048,M2,I want to find a modern urban place with visible skyscrapers around me.,mixed_tension_aware,visible skyscrapers or high-rise urban buildings,modern or contemporary urban appearance,19,dLnsd7mMPXbHDdhBdxPguQ,0,D:\AAG\Milano_SVI\lang2img\0_Dataprocessing\views_4\dLnsd7mMPXbHDdhBdxPguQ_000.jpg,M2_0048.jpg,images/M2_0048.jpg,copied,M2_0048,m5,skyscraper,dlnsd7mmpxbhddhbdxpguq::0,0,9.1600048,45.4803029,D:\AAG\Milano_SVI\lang2img\4_FindTop20\outputs\M2_m5_skyscraper\images\M2_0048.jpg,m3_qwen_rerank,1,,,,,,,18,0.21020508,D:\AAG\Milano_SVI\lang2img\3_Rerank\Rerank_M3\M3_Results\M2\m2_m3_qwen_reranked.csv,,,,,,,,,,,,,,,,,D:\AAG\Milano_SVI\lang2img\0_Dataprocessing\views_4\dLnsd7mMPXbHDdhBdxPguQ_000.jpg
M2_0049,M2,I want to find a modern urban place with visible skyscrapers around me.,mixed_tension_aware,visible skyscrapers or high-rise urban buildings,modern or contemporary urban appearance,79,PcmbEBLeno2U858ZdwRHaw,0,D:\AAG\Milano_SVI\lang2img\0_Dataprocessing\views_4\PcmbEBLeno2U858ZdwRHaw_000.jpg,M2_0049.jpg,images/M2_0049.jpg,copied,M2_0049,m5,skyscraper,pcmbebleno2u858zdwrhaw::0,0,9.1935764,45.4875126,D:\AAG\Milano_SVI\lang2img\4_FindTop20\outputs\M2_m5_skyscraper\images\M2_0049.jpg,m3_qwen_rerank,1,,,,,,,19,0.20874023,D:\AAG\Milano_SVI\lang2img\3_Rerank\Rerank_M3\M3_Results\M2\m2_m3_qwen_reranked.csv,,,,,,,,,,,,,,,,,D:\AAG\Milano_SVI\lang2img\0_Dataprocessing\views_4\PcmbEBLeno2U858ZdwRHaw_000.jpg
M2_0050,M2,I want to find a modern urban place with visible skyscrapers around me.,mixed_tension_aware,visible skyscrapers or high-rise urban buildings,modern or contemporary urban appearance,6,O2v1MDn_nLDhAefbQ_qlJA,0,D:\AAG\Milano_SVI\lang2img\0_Dataprocessing\views_4\O2v1MDn_nLDhAefbQ_qlJA_000.jpg,M2_0050.jpg,images/M2_0050.jpg,copied,M2_0050,m5,skyscraper,o2v1mdn_nldhaefbq_qlja::0,0,9.1916469,45.4815666,D:\AAG\Milano_SVI\lang2img\4_FindTop20\outputs\M2_m5_skyscraper\images\M2_0050.jpg,m3_qwen_rerank | placeseek_affective_m5,2,,,,,,,20,0.2076416,D:\AAG\Milano_SVI\lang2img\3_Rerank\Rerank_M3\M3_Results\M2\m2_m3_qwen_reranked.csv,,,,20,0.2076416,D:\AAG\Milano_SVI\lang2img\3_Rerank\Rerank_Affective\M2_m5_skyscraper\m2_m5_skyscraper_affective_reranked.csv,,,,,,,,,,,D:\AAG\Milano_SVI\lang2img\0_Dataprocessing\views_4\O2v1MDn_nLDhAefbQ_qlJA_000.jpg
M2_0051,M2,I want to find a modern urban place with visible skyscrapers around me.,mixed_tension_aware,visible skyscrapers or high-rise urban buildings,modern or contemporary urban appearance,25,Mld_B23Tcoe4H-uUWIcRmQ,0,D:\AAG\Milano_SVI\lang2img\0_Dataprocessing\views_4\Mld_B23Tcoe4H-uUWIcRmQ_000.jpg,M2_0051.jpg,images/M2_0051.jpg,copied,M2_0051,m5,skyscraper,mld_b23tcoe4h-uuwicrmq::0,0,9.097902526,45.49114007,D:\AAG\Milano_SVI\lang2img\4_FindTop20\outputs\M2_m5_skyscraper\images\M2_0051.jpg,placeseek_semantic_m5 | placeseek_semantic_m4,2,,,,,,,,,,1,0.203125,D:\AAG\Milano_SVI\lang2img\3_Rerank\Rerank_Semantic\M2_m5_skyscraper\m2_m5_skyscraper_semantic_reranked.csv,,,,6,0.20800781,D:\AAG\Milano_SVI\lang2img\3_Rerank\Rerank_Semantic\M2_m4_skyscraper\m2_m4_skyscraper_semantic_reranked.csv,,,,,,,,D:\AAG\Milano_SVI\lang2img\0_Dataprocessing\views_4\Mld_B23Tcoe4H-uUWIcRmQ_000.jpg
M2_0052,M2,I want to find a modern urban place with visible skyscrapers around me.,mixed_tension_aware,visible skyscrapers or high-rise urban buildings,modern or contemporary urban appearance,8,Xj_So-Kv9hDbr2C8f-9ZjQ,90,D:\AAG\Milano_SVI\lang2img\0_Dataprocessing\views_4\Xj_So-Kv9hDbr2C8f-9ZjQ_090.jpg,M2_0052.jpg,images/M2_0052.jpg,copied,M2_0052,m5,skyscraper,xj_so-kv9hdbr2c8f-9zjq::90,90,9.11114856,45.45835175,D:\AAG\Milano_SVI\lang2img\4_FindTop20\outputs\M2_m5_skyscraper\images\M2_0052.jpg,placeseek_semantic_m5 | placeseek_semantic_m4,2,,,,,,,,,,2,0.20910645,D:\AAG\Milano_SVI\lang2img\3_Rerank\Rerank_Semantic\M2_m5_skyscraper\m2_m5_skyscraper_semantic_reranked.csv,,,,7,0.22021484,D:\AAG\Milano_SVI\lang2img\3_Rerank\Rerank_Semantic\M2_m4_skyscraper\m2_m4_skyscraper_semantic_reranked.csv,,,,,,,,D:\AAG\Milano_SVI\lang2img\0_Dataprocessing\views_4\Xj_So-Kv9hDbr2C8f-9ZjQ_090.jpg
M2_0053,M2,I want to find a modern urban place with visible skyscrapers around me.,mixed_tension_aware,visible skyscrapers or high-rise urban buildings,modern or contemporary urban appearance,35,HL_xtMpfLZgDUlSCg2V0CA,270,D:\AAG\Milano_SVI\lang2img\0_Dataprocessing\views_4\HL_xtMpfLZgDUlSCg2V0CA_270.jpg,M2_0053.jpg,images/M2_0053.jpg,copied,M2_0053,m5,skyscraper,hl_xtmpflzgdulscg2v0ca::270,270,9.145673203,45.4862995,D:\AAG\Milano_SVI\lang2img\4_FindTop20\outputs\M2_m5_skyscraper\images\M2_0053.jpg,placeseek_semantic_m5 | placeseek_semantic_m4,2,,,,,,,,,,3,0.20568848,D:\AAG\Milano_SVI\lang2img\3_Rerank\Rerank_Semantic\M2_m5_skyscraper\m2_m5_skyscraper_semantic_reranked.csv,,,,8,0.21228027,D:\AAG\Milano_SVI\lang2img\3_Rerank\Rerank_Semantic\M2_m4_skyscraper\m2_m4_skyscraper_semantic_reranked.csv,,,,,,,,D:\AAG\Milano_SVI\lang2img\0_Dataprocessing\views_4\HL_xtMpfLZgDUlSCg2V0CA_270.jpg
M2_0054,M2,I want to find a modern urban place with visible skyscrapers around me.,mixed_tension_aware,visible skyscrapers or high-rise urban buildings,modern or contemporary urban appearance,85,XNHik2HLnQYJu-Q-8wHdTg,180,D:\AAG\Milano_SVI\lang2img\0_Dataprocessing\views_4\XNHik2HLnQYJu-Q-8wHdTg_180.jpg,M2_0054.jpg,images/M2_0054.jpg,copied,M2_0054,m5,skyscraper,xnhik2hlnqyju-q-8whdtg::180,180,9.2429071,45.5141002,D:\AAG\Milano_SVI\lang2img\4_FindTop20\outputs\M2_m5_skyscraper\images\M2_0054.jpg,placeseek_semantic_m5 | placeseek_semantic_m4,2,,,,,,,,,,4,0.20300293,D:\AAG\Milano_SVI\lang2img\3_Rerank\Rerank_Semantic\M2_m5_skyscraper\m2_m5_skyscraper_semantic_reranked.csv,,,,10,0.21166992,D:\AAG\Milano_SVI\lang2img\3_Rerank\Rerank_Semantic\M2_m4_skyscraper\m2_m4_skyscraper_semantic_reranked.csv,,,,,,,,D:\AAG\Milano_SVI\lang2img\0_Dataprocessing\views_4\XNHik2HLnQYJu-Q-8wHdTg_180.jpg
M2_0055,M2,I want to find a modern urban place with visible skyscrapers around me.,mixed_tension_aware,visible skyscrapers or high-rise urban buildings,modern or contemporary urban appearance,47,3SHgXokbcTjja5MmygHeWQ,270,D:\AAG\Milano_SVI\lang2img\0_Dataprocessing\views_4\3SHgXokbcTjja5MmygHeWQ_270.jpg,M2_0055.jpg,images/M2_0055.jpg,copied,M2_0055,m5,skyscraper,3shgxokbctjja5mmyghewq::270,270,9.1256275,45.5106823,D:\AAG\Milano_SVI\lang2img\4_FindTop20\outputs\M2_m5_skyscraper\images\M2_0055.jpg,placeseek_semantic_m5 | placeseek_semantic_m4,2,,,,,,,,,,5,0.2097168,D:\AAG\Milano_SVI\lang2img\3_Rerank\Rerank_Semantic\M2_m5_skyscraper\m2_m5_skyscraper_semantic_reranked.csv,,,,13,0.24450684,D:\AAG\Milano_SVI\lang2img\3_Rerank\Rerank_Semantic\M2_m4_skyscraper\m2_m4_skyscraper_semantic_reranked.csv,,,,,,,,D:\AAG\Milano_SVI\lang2img\0_Dataprocessing\views_4\3SHgXokbcTjja5MmygHeWQ_270.jpg
M2_0056,M2,I want to find a modern urban place with visible skyscrapers around me.,mixed_tension_aware,visible skyscrapers or high-rise urban buildings,modern or contemporary urban appearance,3,Z8km7M_kf17kX2eyxkG2wg,180,D:\AAG\Milano_SVI\lang2img\0_Dataprocessing\views_4\Z8km7M_kf17kX2eyxkG2wg_180.jpg,M2_0056.jpg,images/M2_0056.jpg,copied,M2_0056,m5,skyscraper,z8km7m_kf17kx2eyxkg2wg::180,180,9.138552295,45.51079961,D:\AAG\Milano_SVI\lang2img\4_FindTop20\outputs\M2_m5_skyscraper\images\M2_0056.jpg,placeseek_semantic_m5,1,,,,,,,,,,6,0.20385742,D:\AAG\Milano_SVI\lang2img\3_Rerank\Rerank_Semantic\M2_m5_skyscraper\m2_m5_skyscraper_semantic_reranked.csv,,,,,,,,,,,,,,D:\AAG\Milano_SVI\lang2img\0_Dataprocessing\views_4\Z8km7M_kf17kX2eyxkG2wg_180.jpg
M2_0057,M2,I want to find a modern urban place with visible skyscrapers around me.,mixed_tension_aware,visible skyscrapers or high-rise urban buildings,modern or contemporary urban appearance,52,yeiGV2p42_JJSLiUUb0vsw,0,D:\AAG\Milano_SVI\lang2img\0_Dataprocessing\views_4\yeiGV2p42_JJSLiUUb0vsw_000.jpg,M2_0057.jpg,images/M2_0057.jpg,copied,M2_0057,m5,skyscraper,yeigv2p42_jjsliuub0vsw::0,0,9.1648188,45.4374849,D:\AAG\Milano_SVI\lang2img\4_FindTop20\outputs\M2_m5_skyscraper\images\M2_0057.jpg,placeseek_semantic_m5,1,,,,,,,,,,7,0.21435547,D:\AAG\Milano_SVI\lang2img\3_Rerank\Rerank_Semantic\M2_m5_skyscraper\m2_m5_skyscraper_semantic_reranked.csv,,,,,,,,,,,,,,D:\AAG\Milano_SVI\lang2img\0_Dataprocessing\views_4\yeiGV2p42_JJSLiUUb0vsw_000.jpg
M2_0058,M2,I want to find a modern urban place with visible skyscrapers around me.,mixed_tension_aware,visible skyscrapers or high-rise urban buildings,modern or contemporary urban appearance,17,ws0xMuBpc_Qfxhv-kgd5vQ,90,D:\AAG\Milano_SVI\lang2img\0_Dataprocessing\views_4\ws0xMuBpc_Qfxhv-kgd5vQ_090.jpg,M2_0058.jpg,images/M2_0058.jpg,copied,M2_0058,m5,skyscraper,ws0xmubpc_qfxhv-kgd5vq::90,90,9.1395528,45.4897326,D:\AAG\Milano_SVI\lang2img\4_FindTop20\outputs\M2_m5_skyscraper\images\M2_0058.jpg,placeseek_semantic_m5,1,,,,,,,,,,8,0.20593262,D:\AAG\Milano_SVI\lang2img\3_Rerank\Rerank_Semantic\M2_m5_skyscraper\m2_m5_skyscraper_semantic_reranked.csv,,,,,,,,,,,,,,D:\AAG\Milano_SVI\lang2img\0_Dataprocessing\views_4\ws0xMuBpc_Qfxhv-kgd5vQ_090.jpg
M2_0059,M2,I want to find a modern urban place with visible skyscrapers around me.,mixed_tension_aware,visible skyscrapers or high-rise urban buildings,modern or contemporary urban appearance,39,QeQZM9x1xiBA8639c0ivUA,180,D:\AAG\Milano_SVI\lang2img\0_Dataprocessing\views_4\QeQZM9x1xiBA8639c0ivUA_180.jpg,M2_0059.jpg,images/M2_0059.jpg,copied,M2_0059,m5,skyscraper,qeqzm9x1xiba8639c0ivua::180,180,9.139430795,45.5109311,D:\AAG\Milano_SVI\lang2img\4_FindTop20\outputs\M2_m5_skyscraper\images\M2_0059.jpg,placeseek_semantic_m5,1,,,,,,,,,,9,0.21447754,D:\AAG\Milano_SVI\lang2img\3_Rerank\Rerank_Semantic\M2_m5_skyscraper\m2_m5_skyscraper_semantic_reranked.csv,,,,,,,,,,,,,,D:\AAG\Milano_SVI\lang2img\0_Dataprocessing\views_4\QeQZM9x1xiBA8639c0ivUA_180.jpg
M2_0060,M2,I want to find a modern urban place with visible skyscrapers around me.,mixed_tension_aware,visible skyscrapers or high-rise urban buildings,modern or contemporary urban appearance,62,6x1sD1P77HLE6P8aCm7jIw,0,D:\AAG\Milano_SVI\lang2img\0_Dataprocessing\views_4\6x1sD1P77HLE6P8aCm7jIw_000.jpg,M2_0060.jpg,images/M2_0060.jpg,copied,M2_0060,m5,skyscraper,6x1sd1p77hle6p8acm7jiw::0,0,9.127164385,45.49468399,D:\AAG\Milano_SVI\lang2img\4_FindTop20\outputs\M2_m5_skyscraper\images\M2_0060.jpg,placeseek_semantic_m5,1,,,,,,,,,,10,0.2055664,D:\AAG\Milano_SVI\lang2img\3_Rerank\Rerank_Semantic\M2_m5_skyscraper\m2_m5_skyscraper_semantic_reranked.csv,,,,,,,,,,,,,,D:\AAG\Milano_SVI\lang2img\0_Dataprocessing\views_4\6x1sD1P77HLE6P8aCm7jIw_000.jpg
M2_0061,M2,I want to find a modern urban place with visible skyscrapers around me.,mixed_tension_aware,visible skyscrapers or high-rise urban buildings,modern or contemporary urban appearance,81,YZ1VbH_yYZsJvTRVwqj_Vw,180,D:\AAG\Milano_SVI\lang2img\0_Dataprocessing\views_4\YZ1VbH_yYZsJvTRVwqj_Vw_180.jpg,M2_0061.jpg,images/M2_0061.jpg,copied,M2_0061,m5,skyscraper,yz1vbh_yyzsjvtrvwqj_vw::180,180,9.135835069,45.51079767,D:\AAG\Milano_SVI\lang2img\4_FindTop20\outputs\M2_m5_skyscraper\images\M2_0061.jpg,placeseek_semantic_m5,1,,,,,,,,,,12,0.20532227,D:\AAG\Milano_SVI\lang2img\3_Rerank\Rerank_Semantic\M2_m5_skyscraper\m2_m5_skyscraper_semantic_reranked.csv,,,,,,,,,,,,,,D:\AAG\Milano_SVI\lang2img\0_Dataprocessing\views_4\YZ1VbH_yYZsJvTRVwqj_Vw_180.jpg
M2_0062,M2,I want to find a modern urban place with visible skyscrapers around me.,mixed_tension_aware,visible skyscrapers or high-rise urban buildings,modern or contemporary urban appearance,23,ZW7lXQhcV7S1GO5vsH43tA,180,D:\AAG\Milano_SVI\lang2img\0_Dataprocessing\views_4\ZW7lXQhcV7S1GO5vsH43tA_180.jpg,M2_0062.jpg,images/M2_0062.jpg,copied,M2_0062,m5,skyscraper,zw7lxqhcv7s1go5vsh43ta::180,180,9.11903434,45.4933183,D:\AAG\Milano_SVI\lang2img\4_FindTop20\outputs\M2_m5_skyscraper\images\M2_0062.jpg,placeseek_semantic_m5,1,,,,,,,,,,13,0.20361328,D:\AAG\Milano_SVI\lang2img\3_Rerank\Rerank_Semantic\M2_m5_skyscraper\m2_m5_skyscraper_semantic_reranked.csv,,,,,,,,,,,,,,D:\AAG\Milano_SVI\lang2img\0_Dataprocessing\views_4\ZW7lXQhcV7S1GO5vsH43tA_180.jpg
M2_0063,M2,I want to find a modern urban place with visible skyscrapers around me.,mixed_tension_aware,visible skyscrapers or high-rise urban buildings,modern or contemporary urban appearance,7,WABq4BHceciFfXrvS4c4Kg,180,D:\AAG\Milano_SVI\lang2img\0_Dataprocessing\views_4\WABq4BHceciFfXrvS4c4Kg_180.jpg,M2_0063.jpg,images/M2_0063.jpg,copied,M2_0063,m5,skyscraper,wabq4bhceciffxrvs4c4kg::180,180,9.1230701,45.5119055,D:\AAG\Milano_SVI\lang2img\4_FindTop20\outputs\M2_m5_skyscraper\images\M2_0063.jpg,placeseek_semantic_m5,1,,,,,,,,,,14,0.20397949,D:\AAG\Milano_SVI\lang2img\3_Rerank\Rerank_Semantic\M2_m5_skyscraper\m2_m5_skyscraper_semantic_reranked.csv,,,,,,,,,,,,,,D:\AAG\Milano_SVI\lang2img\0_Dataprocessing\views_4\WABq4BHceciFfXrvS4c4Kg_180.jpg
M2_0064,M2,I want to find a modern urban place with visible skyscrapers around me.,mixed_tension_aware,visible skyscrapers or high-rise urban buildings,modern or contemporary urban appearance,49,yHHyMmjZ-P9X8RAInEwg7g,270,D:\AAG\Milano_SVI\lang2img\0_Dataprocessing\views_4\yHHyMmjZ-P9X8RAInEwg7g_270.jpg,M2_0064.jpg,images/M2_0064.jpg,copied,M2_0064,m5,skyscraper,yhhymmjz-p9x8rainewg7g::270,270,9.161255821,45.47325581,D:\AAG\Milano_SVI\lang2img\4_FindTop20\outputs\M2_m5_skyscraper\images\M2_0064.jpg,placeseek_semantic_m5,1,,,,,,,,,,15,0.20727539,D:\AAG\Milano_SVI\lang2img\3_Rerank\Rerank_Semantic\M2_m5_skyscraper\m2_m5_skyscraper_semantic_reranked.csv,,,,,,,,,,,,,,D:\AAG\Milano_SVI\lang2img\0_Dataprocessing\views_4\yHHyMmjZ-P9X8RAInEwg7g_270.jpg
M2_0065,M2,I want to find a modern urban place with visible skyscrapers around me.,mixed_tension_aware,visible skyscrapers or high-rise urban buildings,modern or contemporary urban appearance,94,057kjrtJINpecWb78LE1uA,270,D:\AAG\Milano_SVI\lang2img\0_Dataprocessing\views_4\057kjrtJINpecWb78LE1uA_270.jpg,M2_0065.jpg,images/M2_0065.jpg,copied,M2_0065,m5,skyscraper,057kjrtjinpecwb78le1ua::270,270,9.1782413,45.5244577,D:\AAG\Milano_SVI\lang2img\4_FindTop20\outputs\M2_m5_skyscraper\images\M2_0065.jpg,placeseek_semantic_m5,1,,,,,,,,,,16,0.20397949,D:\AAG\Milano_SVI\lang2img\3_Rerank\Rerank_Semantic\M2_m5_skyscraper\m2_m5_skyscraper_semantic_reranked.csv,,,,,,,,,,,,,,D:\AAG\Milano_SVI\lang2img\0_Dataprocessing\views_4\057kjrtJINpecWb78LE1uA_270.jpg
M2_0066,M2,I want to find a modern urban place with visible skyscrapers around me.,mixed_tension_aware,visible skyscrapers or high-rise urban buildings,modern or contemporary urban appearance,96,VhHJJ8eVGJPLKiXzjQ6bpg,90,D:\AAG\Milano_SVI\lang2img\0_Dataprocessing\views_4\VhHJJ8eVGJPLKiXzjQ6bpg_090.jpg,M2_0066.jpg,images/M2_0066.jpg,copied,M2_0066,m5,skyscraper,vhhjj8evgjplkixzjq6bpg::90,90,9.1516301,45.4781966,D:\AAG\Milano_SVI\lang2img\4_FindTop20\outputs\M2_m5_skyscraper\images\M2_0066.jpg,placeseek_semantic_m5,1,,,,,,,,,,18,0.20593262,D:\AAG\Milano_SVI\lang2img\3_Rerank\Rerank_Semantic\M2_m5_skyscraper\m2_m5_skyscraper_semantic_reranked.csv,,,,,,,,,,,,,,D:\AAG\Milano_SVI\lang2img\0_Dataprocessing\views_4\VhHJJ8eVGJPLKiXzjQ6bpg_090.jpg
M2_0067,M2,I want to find a modern urban place with visible skyscrapers around me.,mixed_tension_aware,visible skyscrapers or high-rise urban buildings,modern or contemporary urban appearance,71,j77Hwe14o81U_a3ZKGUyLQ,180,D:\AAG\Milano_SVI\lang2img\0_Dataprocessing\views_4\j77Hwe14o81U_a3ZKGUyLQ_180.jpg,M2_0067.jpg,images/M2_0067.jpg,copied,M2_0067,m5,skyscraper,j77hwe14o81u_a3zkguylq::180,180,9.2058243,45.5207906,D:\AAG\Milano_SVI\lang2img\4_FindTop20\outputs\M2_m5_skyscraper\images\M2_0067.jpg,placeseek_semantic_m5,1,,,,,,,,,,19,0.21508789,D:\AAG\Milano_SVI\lang2img\3_Rerank\Rerank_Semantic\M2_m5_skyscraper\m2_m5_skyscraper_semantic_reranked.csv,,,,,,,,,,,,,,D:\AAG\Milano_SVI\lang2img\0_Dataprocessing\views_4\j77Hwe14o81U_a3ZKGUyLQ_180.jpg
M2_0068,M2,I want to find a modern urban place with visible skyscrapers around me.,mixed_tension_aware,visible skyscrapers or high-rise urban buildings,modern or contemporary urban appearance,86,XCEtfLruDw2RsWd7nmCfMA,180,D:\AAG\Milano_SVI\lang2img\0_Dataprocessing\views_4\XCEtfLruDw2RsWd7nmCfMA_180.jpg,M2_0068.jpg,images/M2_0068.jpg,copied,M2_0068,m5,skyscraper,xcetflrudw2rswd7nmcfma::180,180,9.198809245,45.47960905,D:\AAG\Milano_SVI\lang2img\4_FindTop20\outputs\M2_m5_skyscraper\images\M2_0068.jpg,placeseek_semantic_m5 | placeseek_affective_m5 | placeseek_affective_m4,3,,,,,,,,,,20,0.2052002,D:\AAG\Milano_SVI\lang2img\3_Rerank\Rerank_Semantic\M2_m5_skyscraper\m2_m5_skyscraper_semantic_reranked.csv,3,0.2052002,D:\AAG\Milano_SVI\lang2img\3_Rerank\Rerank_Affective\M2_m5_skyscraper\m2_m5_skyscraper_affective_reranked.csv,,,,4,0.20947266,D:\AAG\Milano_SVI\lang2img\3_Rerank\Rerank_Affective\M2_m4_skyscraper\m2_m4_skyscraper_affective_reranked.csv,,,,,D:\AAG\Milano_SVI\lang2img\0_Dataprocessing\views_4\XCEtfLruDw2RsWd7nmCfMA_180.jpg
M2_0069,M2,I want to find a modern urban place with visible skyscrapers around me.,mixed_tension_aware,visible skyscrapers or high-rise urban buildings,modern or contemporary urban appearance,20,1Khdir8iUSYuYhfXNStjKA,90,D:\AAG\Milano_SVI\lang2img\0_Dataprocessing\views_4\1Khdir8iUSYuYhfXNStjKA_090.jpg,M2_0069.jpg,images/M2_0069.jpg,copied,M2_0069,m5,skyscraper,1khdir8iusyuyhfxnstjka::90,90,9.193554,45.4826999,D:\AAG\Milano_SVI\lang2img\4_FindTop20\outputs\M2_m5_skyscraper\images\M2_0069.jpg,placeseek_affective_m5 | placeseek_affective_m4,2,,,,,,,,,,,,,2,0.2064209,D:\AAG\Milano_SVI\lang2img\3_Rerank\Rerank_Affective\M2_m5_skyscraper\m2_m5_skyscraper_affective_reranked.csv,,,,2,0.20922852,D:\AAG\Milano_SVI\lang2img\3_Rerank\Rerank_Affective\M2_m4_skyscraper\m2_m4_skyscraper_affective_reranked.csv,,,,,D:\AAG\Milano_SVI\lang2img\0_Dataprocessing\views_4\1Khdir8iUSYuYhfXNStjKA_090.jpg
M2_0070,M2,I want to find a modern urban place with visible skyscrapers around me.,mixed_tension_aware,visible skyscrapers or high-rise urban buildings,modern or contemporary urban appearance,75,Dv3K49aYIZfNC4gPV6GPkA,180,D:\AAG\Milano_SVI\lang2img\0_Dataprocessing\views_4\Dv3K49aYIZfNC4gPV6GPkA_180.jpg,M2_0070.jpg,images/M2_0070.jpg,copied,M2_0070,m5,skyscraper,dv3k49ayizfnc4gpv6gpka::180,180,9.1493125,45.4856892,D:\AAG\Milano_SVI\lang2img\4_FindTop20\outputs\M2_m5_skyscraper\images\M2_0070.jpg,placeseek_affective_m5,1,,,,,,,,,,,,,4,0.20568848,D:\AAG\Milano_SVI\lang2img\3_Rerank\Rerank_Affective\M2_m5_skyscraper\m2_m5_skyscraper_affective_reranked.csv,,,,,,,,,,,D:\AAG\Milano_SVI\lang2img\0_Dataprocessing\views_4\Dv3K49aYIZfNC4gPV6GPkA_180.jpg
M2_0071,M2,I want to find a modern urban place with visible skyscrapers around me.,mixed_tension_aware,visible skyscrapers or high-rise urban buildings,modern or contemporary urban appearance,44,PseomugzRnjMDOGsAMoYSQ,270,D:\AAG\Milano_SVI\lang2img\0_Dataprocessing\views_4\PseomugzRnjMDOGsAMoYSQ_270.jpg,M2_0071.jpg,images/M2_0071.jpg,copied,M2_0071,m5,skyscraper,pseomugzrnjmdogsamoysq::270,270,9.236551872,45.5039134,D:\AAG\Milano_SVI\lang2img\4_FindTop20\outputs\M2_m5_skyscraper\images\M2_0071.jpg,placeseek_affective_m5 | placeseek_affective_m4,2,,,,,,,,,,,,,5,0.20471191,D:\AAG\Milano_SVI\lang2img\3_Rerank\Rerank_Affective\M2_m5_skyscraper\m2_m5_skyscraper_affective_reranked.csv,,,,7,0.20166016,D:\AAG\Milano_SVI\lang2img\3_Rerank\Rerank_Affective\M2_m4_skyscraper\m2_m4_skyscraper_affective_reranked.csv,,,,,D:\AAG\Milano_SVI\lang2img\0_Dataprocessing\views_4\PseomugzRnjMDOGsAMoYSQ_270.jpg
M2_0072,M2,I want to find a modern urban place with visible skyscrapers around me.,mixed_tension_aware,visible skyscrapers or high-rise urban buildings,modern or contemporary urban appearance,90,4ItmMFWsrftQnZBAVVpa1g,90,D:\AAG\Milano_SVI\lang2img\0_Dataprocessing\views_4\4ItmMFWsrftQnZBAVVpa1g_090.jpg,M2_0072.jpg,images/M2_0072.jpg,copied,M2_0072,m5,skyscraper,4itmmfwsrftqnzbavvpa1g::90,90,9.1930008,45.4826561,D:\AAG\Milano_SVI\lang2img\4_FindTop20\outputs\M2_m5_skyscraper\images\M2_0072.jpg,placeseek_affective_m5,1,,,,,,,,,,,,,7,0.20336914,D:\AAG\Milano_SVI\lang2img\3_Rerank\Rerank_Affective\M2_m5_skyscraper\m2_m5_skyscraper_affective_reranked.csv,,,,,,,,,,,D:\AAG\Milano_SVI\lang2img\0_Dataprocessing\views_4\4ItmMFWsrftQnZBAVVpa1g_090.jpg
M2_0073,M2,I want to find a modern urban place with visible skyscrapers around me.,mixed_tension_aware,visible skyscrapers or high-rise urban buildings,modern or contemporary urban appearance,21,MhE2vUWboAGLRf3jWjqwbw,180,D:\AAG\Milano_SVI\lang2img\0_Dataprocessing\views_4\MhE2vUWboAGLRf3jWjqwbw_180.jpg,M2_0073.jpg,images/M2_0073.jpg,copied,M2_0073,m5,skyscraper,mhe2vuwboaglrf3jwjqwbw::180,180,9.1983882,45.4805588,D:\AAG\Milano_SVI\lang2img\4_FindTop20\outputs\M2_m5_skyscraper\images\M2_0073.jpg,placeseek_affective_m5 | placeseek_affective_m4,2,,,,,,,,,,,,,8,0.20935059,D:\AAG\Milano_SVI\lang2img\3_Rerank\Rerank_Affective\M2_m5_skyscraper\m2_m5_skyscraper_affective_reranked.csv,,,,10,0.21240234,D:\AAG\Milano_SVI\lang2img\3_Rerank\Rerank_Affective\M2_m4_skyscraper\m2_m4_skyscraper_affective_reranked.csv,,,,,D:\AAG\Milano_SVI\lang2img\0_Dataprocessing\views_4\MhE2vUWboAGLRf3jWjqwbw_180.jpg
M2_0074,M2,I want to find a modern urban place with visible skyscrapers around me.,mixed_tension_aware,visible skyscrapers or high-rise urban buildings,modern or contemporary urban appearance,1,46p-_oubHu8WTrmWvtMwpw,0,D:\AAG\Milano_SVI\lang2img\0_Dataprocessing\views_4\46p-_oubHu8WTrmWvtMwpw_000.jpg,M2_0074.jpg,images/M2_0074.jpg,copied,M2_0074,m5,skyscraper,46p-_oubhu8wtrmwvtmwpw::0,0,9.157442832,45.47449204,D:\AAG\Milano_SVI\lang2img\4_FindTop20\outputs\M2_m5_skyscraper\images\M2_0074.jpg,placeseek_affective_m5,1,,,,,,,,,,,,,11,0.2084961,D:\AAG\Milano_SVI\lang2img\3_Rerank\Rerank_Affective\M2_m5_skyscraper\m2_m5_skyscraper_affective_reranked.csv,,,,,,,,,,,D:\AAG\Milano_SVI\lang2img\0_Dataprocessing\views_4\46p-_oubHu8WTrmWvtMwpw_000.jpg
M2_0075,M2,I want to find a modern urban place with visible skyscrapers around me.,mixed_tension_aware,visible skyscrapers or high-rise urban buildings,modern or contemporary urban appearance,100,QHO7xCi_ogU7ZVHcgfvHjg,180,D:\AAG\Milano_SVI\lang2img\0_Dataprocessing\views_4\QHO7xCi_ogU7ZVHcgfvHjg_180.jpg,M2_0075.jpg,images/M2_0075.jpg,copied,M2_0075,m5,skyscraper,qho7xci_ogu7zvhcgfvhjg::180,180,9.1973085,45.4833238,D:\AAG\Milano_SVI\lang2img\4_FindTop20\outputs\M2_m5_skyscraper\images\M2_0075.jpg,placeseek_affective_m5,1,,,,,,,,,,,,,12,0.21191406,D:\AAG\Milano_SVI\lang2img\3_Rerank\Rerank_Affective\M2_m5_skyscraper\m2_m5_skyscraper_affective_reranked.csv,,,,,,,,,,,D:\AAG\Milano_SVI\lang2img\0_Dataprocessing\views_4\QHO7xCi_ogU7ZVHcgfvHjg_180.jpg
M2_0076,M2,I want to find a modern urban place with visible skyscrapers around me.,mixed_tension_aware,visible skyscrapers or high-rise urban buildings,modern or contemporary urban appearance,58,Qr8q81ANSLxSBZjuZ163FA,90,D:\AAG\Milano_SVI\lang2img\0_Dataprocessing\views_4\Qr8q81ANSLxSBZjuZ163FA_090.jpg,M2_0076.jpg,images/M2_0076.jpg,copied,M2_0076,m5,skyscraper,qr8q81anslxsbzjuz163fa::90,90,9.184305449,45.48076112,D:\AAG\Milano_SVI\lang2img\4_FindTop20\outputs\M2_m5_skyscraper\images\M2_0076.jpg,placeseek_affective_m5,1,,,,,,,,,,,,,13,0.20874023,D:\AAG\Milano_SVI\lang2img\3_Rerank\Rerank_Affective\M2_m5_skyscraper\m2_m5_skyscraper_affective_reranked.csv,,,,,,,,,,,D:\AAG\Milano_SVI\lang2img\0_Dataprocessing\views_4\Qr8q81ANSLxSBZjuZ163FA_090.jpg
M2_0077,M2,I want to find a modern urban place with visible skyscrapers around me.,mixed_tension_aware,visible skyscrapers or high-rise urban buildings,modern or contemporary urban appearance,98,Uzxzahz0DyF1QByj3PlXcQ,0,D:\AAG\Milano_SVI\lang2img\0_Dataprocessing\views_4\Uzxzahz0DyF1QByj3PlXcQ_000.jpg,M2_0077.jpg,images/M2_0077.jpg,copied,M2_0077,m5,skyscraper,uzxzahz0dyf1qbyj3plxcq::0,0,9.1981841,45.4793991,D:\AAG\Milano_SVI\lang2img\4_FindTop20\outputs\M2_m5_skyscraper\images\M2_0077.jpg,placeseek_affective_m5 | placeseek_affective_m4,2,,,,,,,,,,,,,14,0.20336914,D:\AAG\Milano_SVI\lang2img\3_Rerank\Rerank_Affective\M2_m5_skyscraper\m2_m5_skyscraper_affective_reranked.csv,,,,11,0.20568848,D:\AAG\Milano_SVI\lang2img\3_Rerank\Rerank_Affective\M2_m4_skyscraper\m2_m4_skyscraper_affective_reranked.csv,,,,,D:\AAG\Milano_SVI\lang2img\0_Dataprocessing\views_4\Uzxzahz0DyF1QByj3PlXcQ_000.jpg
M2_0078,M2,I want to find a modern urban place with visible skyscrapers around me.,mixed_tension_aware,visible skyscrapers or high-rise urban buildings,modern or contemporary urban appearance,54,VDU1k3xmaoCOmbJ3z8uVeQ,90,D:\AAG\Milano_SVI\lang2img\0_Dataprocessing\views_4\VDU1k3xmaoCOmbJ3z8uVeQ_090.jpg,M2_0078.jpg,images/M2_0078.jpg,copied,M2_0078,m5,skyscraper,vdu1k3xmaocombj3z8uveq::90,90,9.2000337,45.4816958,D:\AAG\Milano_SVI\lang2img\4_FindTop20\outputs\M2_m5_skyscraper\images\M2_0078.jpg,placeseek_affective_m5,1,,,,,,,,,,,,,15,0.20690918,D:\AAG\Milano_SVI\lang2img\3_Rerank\Rerank_Affective\M2_m5_skyscraper\m2_m5_skyscraper_affective_reranked.csv,,,,,,,,,,,D:\AAG\Milano_SVI\lang2img\0_Dataprocessing\views_4\VDU1k3xmaoCOmbJ3z8uVeQ_090.jpg
M2_0079,M2,I want to find a modern urban place with visible skyscrapers around me.,mixed_tension_aware,visible skyscrapers or high-rise urban buildings,modern or contemporary urban appearance,93,kvtNpKhclngYbuwSQEyZ1Q,180,D:\AAG\Milano_SVI\lang2img\0_Dataprocessing\views_4\kvtNpKhclngYbuwSQEyZ1Q_180.jpg,M2_0079.jpg,images/M2_0079.jpg,copied,M2_0079,m5,skyscraper,kvtnpkhclngybuwsqeyz1q::180,180,9.155218742,45.47420451,D:\AAG\Milano_SVI\lang2img\4_FindTop20\outputs\M2_m5_skyscraper\images\M2_0079.jpg,placeseek_affective_m5,1,,,,,,,,,,,,,16,0.20715332,D:\AAG\Milano_SVI\lang2img\3_Rerank\Rerank_Affective\M2_m5_skyscraper\m2_m5_skyscraper_affective_reranked.csv,,,,,,,,,,,D:\AAG\Milano_SVI\lang2img\0_Dataprocessing\views_4\kvtNpKhclngYbuwSQEyZ1Q_180.jpg
M2_0080,M2,I want to find a modern urban place with visible skyscrapers around me.,mixed_tension_aware,visible skyscrapers or high-rise urban buildings,modern or contemporary urban appearance,26,QryX_3ewqa_XA2uIjFnJAg,270,D:\AAG\Milano_SVI\lang2img\0_Dataprocessing\views_4\QryX_3ewqa_XA2uIjFnJAg_270.jpg,M2_0080.jpg,images/M2_0080.jpg,copied,M2_0080,m5,skyscraper,qryx_3ewqa_xa2uijfnjag::270,270,9.1913892,45.4571923,D:\AAG\Milano_SVI\lang2img\4_FindTop20\outputs\M2_m5_skyscraper\images\M2_0080.jpg,placeseek_affective_m5 | placeseek_affective_m4,2,,,,,,,,,,,,,17,0.2084961,D:\AAG\Milano_SVI\lang2img\3_Rerank\Rerank_Affective\M2_m5_skyscraper\m2_m5_skyscraper_affective_reranked.csv,,,,12,0.2130127,D:\AAG\Milano_SVI\lang2img\3_Rerank\Rerank_Affective\M2_m4_skyscraper\m2_m4_skyscraper_affective_reranked.csv,,,,,D:\AAG\Milano_SVI\lang2img\0_Dataprocessing\views_4\QryX_3ewqa_XA2uIjFnJAg_270.jpg
M2_0081,M2,I want to find a modern urban place with visible skyscrapers around me.,mixed_tension_aware,visible skyscrapers or high-rise urban buildings,modern or contemporary urban appearance,72,AzGTxKKyDE1ymVVkhGNxfQ,0,D:\AAG\Milano_SVI\lang2img\0_Dataprocessing\views_4\AzGTxKKyDE1ymVVkhGNxfQ_000.jpg,M2_0081.jpg,images/M2_0081.jpg,copied,M2_0081,m5,skyscraper,azgtxkkyde1ymvvkhgnxfq::0,0,9.1939943,45.4873573,D:\AAG\Milano_SVI\lang2img\4_FindTop20\outputs\M2_m5_skyscraper\images\M2_0081.jpg,placeseek_affective_m5,1,,,,,,,,,,,,,18,0.21447754,D:\AAG\Milano_SVI\lang2img\3_Rerank\Rerank_Affective\M2_m5_skyscraper\m2_m5_skyscraper_affective_reranked.csv,,,,,,,,,,,D:\AAG\Milano_SVI\lang2img\0_Dataprocessing\views_4\AzGTxKKyDE1ymVVkhGNxfQ_000.jpg
M2_0082,M2,I want to find a modern urban place with visible skyscrapers around me.,mixed_tension_aware,visible skyscrapers or high-rise urban buildings,modern or contemporary urban appearance,88,JNMrWNfZMVoQHmnkViCSRA,270,D:\AAG\Milano_SVI\lang2img\0_Dataprocessing\views_4\JNMrWNfZMVoQHmnkViCSRA_270.jpg,M2_0082.jpg,images/M2_0082.jpg,copied,M2_0082,m5,skyscraper,jnmrwnfzmvoqhmnkvicsra::270,270,9.1990527,45.4804712,D:\AAG\Milano_SVI\lang2img\4_FindTop20\outputs\M2_m5_skyscraper\images\M2_0082.jpg,placeseek_affective_m5 | placeseek_affective_m4,2,,,,,,,,,,,,,19,0.20373535,D:\AAG\Milano_SVI\lang2img\3_Rerank\Rerank_Affective\M2_m5_skyscraper\m2_m5_skyscraper_affective_reranked.csv,,,,14,0.20227051,D:\AAG\Milano_SVI\lang2img\3_Rerank\Rerank_Affective\M2_m4_skyscraper\m2_m4_skyscraper_affective_reranked.csv,,,,,D:\AAG\Milano_SVI\lang2img\0_Dataprocessing\views_4\JNMrWNfZMVoQHmnkViCSRA_270.jpg
M2_0083,M2,I want to find a modern urban place with visible skyscrapers around me.,mixed_tension_aware,visible skyscrapers or high-rise urban buildings,modern or contemporary urban appearance,78,WOQYa4Xuu75kRWgvFQ_frQ,90,D:\AAG\Milano_SVI\lang2img\0_Dataprocessing\views_4\WOQYa4Xuu75kRWgvFQ_frQ_090.jpg,M2_0083.jpg,images/M2_0083.jpg,copied,M2_0083,m5,skyscraper,woqya4xuu75krwgvfq_frq::90,90,9.156578187,45.41912972,D:\AAG\Milano_SVI\lang2img\4_FindTop20\outputs\M2_m5_skyscraper\images\M2_0083.jpg,placeseek_semantic_m4 | placeseek_affective_m4,2,,,,,,,,,,,,,,,,1,0.20617676,D:\AAG\Milano_SVI\lang2img\3_Rerank\Rerank_Semantic\M2_m4_skyscraper\m2_m4_skyscraper_semantic_reranked.csv,15,0.20617676,D:\AAG\Milano_SVI\lang2img\3_Rerank\Rerank_Affective\M2_m4_skyscraper\m2_m4_skyscraper_affective_reranked.csv,,,,,D:\AAG\Milano_SVI\lang2img\0_Dataprocessing\views_4\WOQYa4Xuu75kRWgvFQ_frQ_090.jpg
M2_0084,M2,I want to find a modern urban place with visible skyscrapers around me.,mixed_tension_aware,visible skyscrapers or high-rise urban buildings,modern or contemporary urban appearance,65,91fIqylpuUabECMhs4airw,270,D:\AAG\Milano_SVI\lang2img\0_Dataprocessing\views_4\91fIqylpuUabECMhs4airw_270.jpg,M2_0084.jpg,images/M2_0084.jpg,copied,M2_0084,m5,skyscraper,91fiqylpuuabecmhs4airw::270,270,9.14433,45.4860591,D:\AAG\Milano_SVI\lang2img\4_FindTop20\outputs\M2_m5_skyscraper\images\M2_0084.jpg,placeseek_semantic_m4,1,,,,,,,,,,,,,,,,2,0.22021484,D:\AAG\Milano_SVI\lang2img\3_Rerank\Rerank_Semantic\M2_m4_skyscraper\m2_m4_skyscraper_semantic_reranked.csv,,,,,,,,D:\AAG\Milano_SVI\lang2img\0_Dataprocessing\views_4\91fIqylpuUabECMhs4airw_270.jpg
M2_0085,M2,I want to find a modern urban place with visible skyscrapers around me.,mixed_tension_aware,visible skyscrapers or high-rise urban buildings,modern or contemporary urban appearance,30,TCyuWn_HV292K4NEjIw68A,90,D:\AAG\Milano_SVI\lang2img\0_Dataprocessing\views_4\TCyuWn_HV292K4NEjIw68A_090.jpg,M2_0085.jpg,images/M2_0085.jpg,copied,M2_0085,m5,skyscraper,tcyuwn_hv292k4nejiw68a::90,90,9.2056096,45.5124648,D:\AAG\Milano_SVI\lang2img\4_FindTop20\outputs\M2_m5_skyscraper\images\M2_0085.jpg,placeseek_semantic_m4,1,,,,,,,,,,,,,,,,3,0.20129395,D:\AAG\Milano_SVI\lang2img\3_Rerank\Rerank_Semantic\M2_m4_skyscraper\m2_m4_skyscraper_semantic_reranked.csv,,,,,,,,D:\AAG\Milano_SVI\lang2img\0_Dataprocessing\views_4\TCyuWn_HV292K4NEjIw68A_090.jpg
M2_0086,M2,I want to find a modern urban place with visible skyscrapers around me.,mixed_tension_aware,visible skyscrapers or high-rise urban buildings,modern or contemporary urban appearance,28,0Va1jF_DK_5Y1Q5vJEftyA,90,D:\AAG\Milano_SVI\lang2img\0_Dataprocessing\views_4\0Va1jF_DK_5Y1Q5vJEftyA_090.jpg,M2_0086.jpg,images/M2_0086.jpg,copied,M2_0086,m5,skyscraper,0va1jf_dk_5y1q5vjeftya::90,90,9.1451874,45.4471403,D:\AAG\Milano_SVI\lang2img\4_FindTop20\outputs\M2_m5_skyscraper\images\M2_0086.jpg,placeseek_semantic_m4,1,,,,,,,,,,,,,,,,4,0.20239258,D:\AAG\Milano_SVI\lang2img\3_Rerank\Rerank_Semantic\M2_m4_skyscraper\m2_m4_skyscraper_semantic_reranked.csv,,,,,,,,D:\AAG\Milano_SVI\lang2img\0_Dataprocessing\views_4\0Va1jF_DK_5Y1Q5vJEftyA_090.jpg
M2_0087,M2,I want to find a modern urban place with visible skyscrapers around me.,mixed_tension_aware,visible skyscrapers or high-rise urban buildings,modern or contemporary urban appearance,92,_yP9pA5AqnM9pS5p8aRyEA,270,D:\AAG\Milano_SVI\lang2img\0_Dataprocessing\views_4\_yP9pA5AqnM9pS5p8aRyEA_270.jpg,M2_0087.jpg,images/M2_0087.jpg,copied,M2_0087,m5,skyscraper,_yp9pa5aqnm9ps5p8aryea::270,270,9.1384907,45.4884486,D:\AAG\Milano_SVI\lang2img\4_FindTop20\outputs\M2_m5_skyscraper\images\M2_0087.jpg,placeseek_semantic_m4,1,,,,,,,,,,,,,,,,5,0.22607422,D:\AAG\Milano_SVI\lang2img\3_Rerank\Rerank_Semantic\M2_m4_skyscraper\m2_m4_skyscraper_semantic_reranked.csv,,,,,,,,D:\AAG\Milano_SVI\lang2img\0_Dataprocessing\views_4\_yP9pA5AqnM9pS5p8aRyEA_270.jpg
M2_0088,M2,I want to find a modern urban place with visible skyscrapers around me.,mixed_tension_aware,visible skyscrapers or high-rise urban buildings,modern or contemporary urban appearance,102,M5e7ZJ74GdGP7Hs8N_AnwA,90,D:\AAG\Milano_SVI\lang2img\0_Dataprocessing\views_4\M5e7ZJ74GdGP7Hs8N_AnwA_090.jpg,M2_0088.jpg,images/M2_0088.jpg,copied,M2_0088,m5,skyscraper,m5e7zj74gdgp7hs8n_anwa::90,90,9.160557715,45.4373383,D:\AAG\Milano_SVI\lang2img\4_FindTop20\outputs\M2_m5_skyscraper\images\M2_0088.jpg,placeseek_semantic_m4,1,,,,,,,,,,,,,,,,9,0.20117188,D:\AAG\Milano_SVI\lang2img\3_Rerank\Rerank_Semantic\M2_m4_skyscraper\m2_m4_skyscraper_semantic_reranked.csv,,,,,,,,D:\AAG\Milano_SVI\lang2img\0_Dataprocessing\views_4\M5e7ZJ74GdGP7Hs8N_AnwA_090.jpg
M2_0089,M2,I want to find a modern urban place with visible skyscrapers around me.,mixed_tension_aware,visible skyscrapers or high-rise urban buildings,modern or contemporary urban appearance,5,e9L2xFAHlLLU43WERPU85A,270,D:\AAG\Milano_SVI\lang2img\0_Dataprocessing\views_4\e9L2xFAHlLLU43WERPU85A_270.jpg,M2_0089.jpg,images/M2_0089.jpg,copied,M2_0089,m5,skyscraper,e9l2xfahlllu43werpu85a::270,270,9.123454713,45.51138621,D:\AAG\Milano_SVI\lang2img\4_FindTop20\outputs\M2_m5_skyscraper\images\M2_0089.jpg,placeseek_semantic_m4,1,,,,,,,,,,,,,,,,11,0.21374512,D:\AAG\Milano_SVI\lang2img\3_Rerank\Rerank_Semantic\M2_m4_skyscraper\m2_m4_skyscraper_semantic_reranked.csv,,,,,,,,D:\AAG\Milano_SVI\lang2img\0_Dataprocessing\views_4\e9L2xFAHlLLU43WERPU85A_270.jpg
M2_0090,M2,I want to find a modern urban place with visible skyscrapers around me.,mixed_tension_aware,visible skyscrapers or high-rise urban buildings,modern or contemporary urban appearance,55,OVh-XPDw2uXew6W2dy1zdA,90,D:\AAG\Milano_SVI\lang2img\0_Dataprocessing\views_4\OVh-XPDw2uXew6W2dy1zdA_090.jpg,M2_0090.jpg,images/M2_0090.jpg,copied,M2_0090,m5,skyscraper,ovh-xpdw2uxew6w2dy1zda::90,90,9.2153868,45.5188022,D:\AAG\Milano_SVI\lang2img\4_FindTop20\outputs\M2_m5_skyscraper\images\M2_0090.jpg,placeseek_semantic_m4,1,,,,,,,,,,,,,,,,12,0.20385742,D:\AAG\Milano_SVI\lang2img\3_Rerank\Rerank_Semantic\M2_m4_skyscraper\m2_m4_skyscraper_semantic_reranked.csv,,,,,,,,D:\AAG\Milano_SVI\lang2img\0_Dataprocessing\views_4\OVh-XPDw2uXew6W2dy1zdA_090.jpg
M2_0091,M2,I want to find a modern urban place with visible skyscrapers around me.,mixed_tension_aware,visible skyscrapers or high-rise urban buildings,modern or contemporary urban appearance,76,61kdjoXsaCU8z4OM5MkydQ,90,D:\AAG\Milano_SVI\lang2img\0_Dataprocessing\views_4\61kdjoXsaCU8z4OM5MkydQ_090.jpg,M2_0091.jpg,images/M2_0091.jpg,copied,M2_0091,m5,skyscraper,61kdjoxsacu8z4om5mkydq::90,90,9.151822785,45.47942734,D:\AAG\Milano_SVI\lang2img\4_FindTop20\outputs\M2_m5_skyscraper\images\M2_0091.jpg,placeseek_semantic_m4,1,,,,,,,,,,,,,,,,14,0.22595215,D:\AAG\Milano_SVI\lang2img\3_Rerank\Rerank_Semantic\M2_m4_skyscraper\m2_m4_skyscraper_semantic_reranked.csv,,,,,,,,D:\AAG\Milano_SVI\lang2img\0_Dataprocessing\views_4\61kdjoXsaCU8z4OM5MkydQ_090.jpg
M2_0092,M2,I want to find a modern urban place with visible skyscrapers around me.,mixed_tension_aware,visible skyscrapers or high-rise urban buildings,modern or contemporary urban appearance,12,X8k5b69YPjU_SPMPbDgBaw,180,D:\AAG\Milano_SVI\lang2img\0_Dataprocessing\views_4\X8k5b69YPjU_SPMPbDgBaw_180.jpg,M2_0092.jpg,images/M2_0092.jpg,copied,M2_0092,m5,skyscraper,x8k5b69ypju_spmpbdgbaw::180,180,9.095797663,45.5005194,D:\AAG\Milano_SVI\lang2img\4_FindTop20\outputs\M2_m5_skyscraper\images\M2_0092.jpg,placeseek_semantic_m4,1,,,,,,,,,,,,,,,,15,0.20080566,D:\AAG\Milano_SVI\lang2img\3_Rerank\Rerank_Semantic\M2_m4_skyscraper\m2_m4_skyscraper_semantic_reranked.csv,,,,,,,,D:\AAG\Milano_SVI\lang2img\0_Dataprocessing\views_4\X8k5b69YPjU_SPMPbDgBaw_180.jpg
M2_0093,M2,I want to find a modern urban place with visible skyscrapers around me.,mixed_tension_aware,visible skyscrapers or high-rise urban buildings,modern or contemporary urban appearance,70,JHO2lZXKi-OsIlehp5Jq0A,180,D:\AAG\Milano_SVI\lang2img\0_Dataprocessing\views_4\JHO2lZXKi-OsIlehp5Jq0A_180.jpg,M2_0093.jpg,images/M2_0093.jpg,copied,M2_0093,m5,skyscraper,jho2lzxki-osilehp5jq0a::180,180,9.1927298,45.4521142,D:\AAG\Milano_SVI\lang2img\4_FindTop20\outputs\M2_m5_skyscraper\images\M2_0093.jpg,placeseek_semantic_m4,1,,,,,,,,,,,,,,,,16,0.20300293,D:\AAG\Milano_SVI\lang2img\3_Rerank\Rerank_Semantic\M2_m4_skyscraper\m2_m4_skyscraper_semantic_reranked.csv,,,,,,,,D:\AAG\Milano_SVI\lang2img\0_Dataprocessing\views_4\JHO2lZXKi-OsIlehp5Jq0A_180.jpg
M2_0094,M2,I want to find a modern urban place with visible skyscrapers around me.,mixed_tension_aware,visible skyscrapers or high-rise urban buildings,modern or contemporary urban appearance,87,-uD4VAMFihuy2-6gVWGfbA,270,D:\AAG\Milano_SVI\lang2img\0_Dataprocessing\views_4\-uD4VAMFihuy2-6gVWGfbA_270.jpg,M2_0094.jpg,images/M2_0094.jpg,copied,M2_0094,m5,skyscraper,-ud4vamfihuy2-6gvwgfba::270,270,9.113224969,45.49369416,D:\AAG\Milano_SVI\lang2img\4_FindTop20\outputs\M2_m5_skyscraper\images\M2_0094.jpg,placeseek_semantic_m4 | placeseek_affective_m4,2,,,,,,,,,,,,,,,,17,0.20678711,D:\AAG\Milano_SVI\lang2img\3_Rerank\Rerank_Semantic\M2_m4_skyscraper\m2_m4_skyscraper_semantic_reranked.csv,16,0.20678711,D:\AAG\Milano_SVI\lang2img\3_Rerank\Rerank_Affective\M2_m4_skyscraper\m2_m4_skyscraper_affective_reranked.csv,,,,,D:\AAG\Milano_SVI\lang2img\0_Dataprocessing\views_4\-uD4VAMFihuy2-6gVWGfbA_270.jpg
M2_0095,M2,I want to find a modern urban place with visible skyscrapers around me.,mixed_tension_aware,visible skyscrapers or high-rise urban buildings,modern or contemporary urban appearance,14,fBDDmcd3kPDkdIrNAl1Rag,270,D:\AAG\Milano_SVI\lang2img\0_Dataprocessing\views_4\fBDDmcd3kPDkdIrNAl1Rag_270.jpg,M2_0095.jpg,images/M2_0095.jpg,copied,M2_0095,m5,skyscraper,fbddmcd3kpdkdirnal1rag::270,270,9.098272921,45.4931768,D:\AAG\Milano_SVI\lang2img\4_FindTop20\outputs\M2_m5_skyscraper\images\M2_0095.jpg,placeseek_semantic_m4,1,,,,,,,,,,,,,,,,18,0.2241211,D:\AAG\Milano_SVI\lang2img\3_Rerank\Rerank_Semantic\M2_m4_skyscraper\m2_m4_skyscraper_semantic_reranked.csv,,,,,,,,D:\AAG\Milano_SVI\lang2img\0_Dataprocessing\views_4\fBDDmcd3kPDkdIrNAl1Rag_270.jpg
M2_0096,M2,I want to find a modern urban place with visible skyscrapers around me.,mixed_tension_aware,visible skyscrapers or high-rise urban buildings,modern or contemporary urban appearance,101,YOTueAalP7s0ff0AXxNdVg,90,D:\AAG\Milano_SVI\lang2img\0_Dataprocessing\views_4\YOTueAalP7s0ff0AXxNdVg_090.jpg,M2_0096.jpg,images/M2_0096.jpg,copied,M2_0096,m5,skyscraper,yotueaalp7s0ff0axxndvg::90,90,9.1702649,45.4719131,D:\AAG\Milano_SVI\lang2img\4_FindTop20\outputs\M2_m5_skyscraper\images\M2_0096.jpg,placeseek_semantic_m4,1,,,,,,,,,,,,,,,,19,0.20056152,D:\AAG\Milano_SVI\lang2img\3_Rerank\Rerank_Semantic\M2_m4_skyscraper\m2_m4_skyscraper_semantic_reranked.csv,,,,,,,,D:\AAG\Milano_SVI\lang2img\0_Dataprocessing\views_4\YOTueAalP7s0ff0AXxNdVg_090.jpg
M2_0097,M2,I want to find a modern urban place with visible skyscrapers around me.,mixed_tension_aware,visible skyscrapers or high-rise urban buildings,modern or contemporary urban appearance,18,eXkf1rgP0mPkG6gdaK8SYg,90,D:\AAG\Milano_SVI\lang2img\0_Dataprocessing\views_4\eXkf1rgP0mPkG6gdaK8SYg_090.jpg,M2_0097.jpg,images/M2_0097.jpg,copied,M2_0097,m5,skyscraper,exkf1rgp0mpkg6gdak8syg::90,90,9.1640005,45.518927,D:\AAG\Milano_SVI\lang2img\4_FindTop20\outputs\M2_m5_skyscraper\images\M2_0097.jpg,placeseek_semantic_m4,1,,,,,,,,,,,,,,,,20,0.20947266,D:\AAG\Milano_SVI\lang2img\3_Rerank\Rerank_Semantic\M2_m4_skyscraper\m2_m4_skyscraper_semantic_reranked.csv,,,,,,,,D:\AAG\Milano_SVI\lang2img\0_Dataprocessing\views_4\eXkf1rgP0mPkG6gdaK8SYg_090.jpg
M2_0098,M2,I want to find a modern urban place with visible skyscrapers around me.,mixed_tension_aware,visible skyscrapers or high-rise urban buildings,modern or contemporary urban appearance,29,NZrdApijvXp3p5F2vbPyrg,270,D:\AAG\Milano_SVI\lang2img\0_Dataprocessing\views_4\NZrdApijvXp3p5F2vbPyrg_270.jpg,M2_0098.jpg,images/M2_0098.jpg,copied,M2_0098,m5,skyscraper,nzrdapijvxp3p5f2vbpyrg::270,270,9.1524747,45.4710857,D:\AAG\Milano_SVI\lang2img\4_FindTop20\outputs\M2_m5_skyscraper\images\M2_0098.jpg,placeseek_affective_m4,1,,,,,,,,,,,,,,,,,,,3,0.20629883,D:\AAG\Milano_SVI\lang2img\3_Rerank\Rerank_Affective\M2_m4_skyscraper\m2_m4_skyscraper_affective_reranked.csv,,,,,D:\AAG\Milano_SVI\lang2img\0_Dataprocessing\views_4\NZrdApijvXp3p5F2vbPyrg_270.jpg
M2_0099,M2,I want to find a modern urban place with visible skyscrapers around me.,mixed_tension_aware,visible skyscrapers or high-rise urban buildings,modern or contemporary urban appearance,32,7UbLW3aC0wYWlBQBTwbilQ,180,D:\AAG\Milano_SVI\lang2img\0_Dataprocessing\views_4\7UbLW3aC0wYWlBQBTwbilQ_180.jpg,M2_0099.jpg,images/M2_0099.jpg,copied,M2_0099,m5,skyscraper,7ublw3ac0wywlbqbtwbilq::180,180,9.2000686,45.4598512,D:\AAG\Milano_SVI\lang2img\4_FindTop20\outputs\M2_m5_skyscraper\images\M2_0099.jpg,placeseek_affective_m4,1,,,,,,,,,,,,,,,,,,,5,0.20300293,D:\AAG\Milano_SVI\lang2img\3_Rerank\Rerank_Affective\M2_m4_skyscraper\m2_m4_skyscraper_affective_reranked.csv,,,,,D:\AAG\Milano_SVI\lang2img\0_Dataprocessing\views_4\7UbLW3aC0wYWlBQBTwbilQ_180.jpg
M2_0100,M2,I want to find a modern urban place with visible skyscrapers around me.,mixed_tension_aware,visible skyscrapers or high-rise urban buildings,modern or contemporary urban appearance,36,Arb8vhqfR-qkuQhDcRD51g,270,D:\AAG\Milano_SVI\lang2img\0_Dataprocessing\views_4\Arb8vhqfR-qkuQhDcRD51g_270.jpg,M2_0100.jpg,images/M2_0100.jpg,copied,M2_0100,m5,skyscraper,arb8vhqfr-qkuqhdcrd51g::270,270,9.122809152,45.49914061,D:\AAG\Milano_SVI\lang2img\4_FindTop20\outputs\M2_m5_skyscraper\images\M2_0100.jpg,placeseek_affective_m4,1,,,,,,,,,,,,,,,,,,,6,0.21130371,D:\AAG\Milano_SVI\lang2img\3_Rerank\Rerank_Affective\M2_m4_skyscraper\m2_m4_skyscraper_affective_reranked.csv,,,,,D:\AAG\Milano_SVI\lang2img\0_Dataprocessing\views_4\Arb8vhqfR-qkuQhDcRD51g_270.jpg
M2_0101,M2,I want to find a modern urban place with visible skyscrapers around me.,mixed_tension_aware,visible skyscrapers or high-rise urban buildings,modern or contemporary urban appearance,95,l_dmv7Fmtw5Hii0C9FWDvQ,180,D:\AAG\Milano_SVI\lang2img\0_Dataprocessing\views_4\l_dmv7Fmtw5Hii0C9FWDvQ_180.jpg,M2_0101.jpg,images/M2_0101.jpg,copied,M2_0101,m5,skyscraper,l_dmv7fmtw5hii0c9fwdvq::180,180,9.189914207,45.48546108,D:\AAG\Milano_SVI\lang2img\4_FindTop20\outputs\M2_m5_skyscraper\images\M2_0101.jpg,placeseek_affective_m4,1,,,,,,,,,,,,,,,,,,,9,0.20532227,D:\AAG\Milano_SVI\lang2img\3_Rerank\Rerank_Affective\M2_m4_skyscraper\m2_m4_skyscraper_affective_reranked.csv,,,,,D:\AAG\Milano_SVI\lang2img\0_Dataprocessing\views_4\l_dmv7Fmtw5Hii0C9FWDvQ_180.jpg
M2_0102,M2,I want to find a modern urban place with visible skyscrapers around me.,mixed_tension_aware,visible skyscrapers or high-rise urban buildings,modern or contemporary urban appearance,4,RbhXjU3zzkL6BOJWOtGpzA,270,D:\AAG\Milano_SVI\lang2img\0_Dataprocessing\views_4\RbhXjU3zzkL6BOJWOtGpzA_270.jpg,M2_0102.jpg,images/M2_0102.jpg,copied,M2_0102,m5,skyscraper,rbhxju3zzkl6bojwotgpza::270,270,9.2084139,45.4854986,D:\AAG\Milano_SVI\lang2img\4_FindTop20\outputs\M2_m5_skyscraper\images\M2_0102.jpg,placeseek_affective_m4,1,,,,,,,,,,,,,,,,,,,13,0.2010498,D:\AAG\Milano_SVI\lang2img\3_Rerank\Rerank_Affective\M2_m4_skyscraper\m2_m4_skyscraper_affective_reranked.csv,,,,,D:\AAG\Milano_SVI\lang2img\0_Dataprocessing\views_4\RbhXjU3zzkL6BOJWOtGpzA_270.jpg
M2_0103,M2,I want to find a modern urban place with visible skyscrapers around me.,mixed_tension_aware,visible skyscrapers or high-rise urban buildings,modern or contemporary urban appearance,15,_jBUHQXVQRPGRuqtqcPP4Q,270,D:\AAG\Milano_SVI\lang2img\0_Dataprocessing\views_4\_jBUHQXVQRPGRuqtqcPP4Q_270.jpg,M2_0103.jpg,images/M2_0103.jpg,copied,M2_0103,m5,skyscraper,_jbuhqxvqrpgruqtqcpp4q::270,270,9.114252881,45.44533851,D:\AAG\Milano_SVI\lang2img\4_FindTop20\outputs\M2_m5_skyscraper\images\M2_0103.jpg,placeseek_affective_m4,1,,,,,,,,,,,,,,,,,,,17,0.23034668,D:\AAG\Milano_SVI\lang2img\3_Rerank\Rerank_Affective\M2_m4_skyscraper\m2_m4_skyscraper_affective_reranked.csv,,,,,D:\AAG\Milano_SVI\lang2img\0_Dataprocessing\views_4\_jBUHQXVQRPGRuqtqcPP4Q_270.jpg
M2_0104,M2,I want to find a modern urban place with visible skyscrapers around me.,mixed_tension_aware,visible skyscrapers or high-rise urban buildings,modern or contemporary urban appearance,82,m4sRcQMglkg8qnZ4lJutmA,270,D:\AAG\Milano_SVI\lang2img\0_Dataprocessing\views_4\m4sRcQMglkg8qnZ4lJutmA_270.jpg,M2_0104.jpg,images/M2_0104.jpg,copied,M2_0104,m5,skyscraper,m4srcqmglkg8qnz4ljutma::270,270,9.1255772,45.5115316,D:\AAG\Milano_SVI\lang2img\4_FindTop20\outputs\M2_m5_skyscraper\images\M2_0104.jpg,placeseek_affective_m4,1,,,,,,,,,,,,,,,,,,,19,0.20898438,D:\AAG\Milano_SVI\lang2img\3_Rerank\Rerank_Affective\M2_m4_skyscraper\m2_m4_skyscraper_affective_reranked.csv,,,,,D:\AAG\Milano_SVI\lang2img\0_Dataprocessing\views_4\m4sRcQMglkg8qnZ4lJutmA_270.jpg
